filename,method,clipiqa_plus
10.png,clahe,0.4729853868484497
10.png,gamma,0.4950927793979645
10.png,log,0.5393741726875305
10.png,retinex,0.5053950548171997
10.png,hist_eq,0.4599994122982025
100.png,clahe,0.5665904879570007
100.png,gamma,0.590624988079071
100.png,log,0.6666191220283508
100.png,retinex,0.4112600088119507
100.png,hist_eq,0.6071535348892212
101.png,clahe,0.41176488995552063
101.png,gamma,0.47056078910827637
101.png,log,0.44177907705307007
101.png,retinex,0.47063443064689636
101.png,hist_eq,0.5548478364944458
102.png,clahe,0.4870638847351074
102.png,gamma,0.49976229667663574
102.png,log,0.4658777117729187
102.png,retinex,0.424761027097702
102.png,hist_eq,0.5317897796630859
103.png,clahe,0.3923477530479431
103.png,gamma,0.44895705580711365
103.png,log,0.42602166533470154
103.png,retinex,0.28633564710617065
103.png,hist_eq,0.3000357151031494
104.png,clahe,0.38418400287628174
104.png,gamma,0.4517974555492401
104.png,log,0.4270942509174347
104.png,retinex,0.2838050425052643
104.png,hist_eq,0.27100029587745667
105.png,clahe,0.5009281635284424
105.png,gamma,0.5403497815132141
105.png,log,0.6045801639556885
105.png,retinex,0.5010373592376709
105.png,hist_eq,0.587115466594696
106.png,clahe,0.5274674892425537
106.png,gamma,0.5437073111534119
106.png,log,0.6403810977935791
106.png,retinex,0.4841397702693939
106.png,hist_eq,0.5928364992141724
107.png,clahe,0.2903783619403839
107.png,gamma,0.3486384153366089
107.png,log,0.3651926815509796
107.png,retinex,0.3723752796649933
107.png,hist_eq,0.23097802698612213
109.png,clahe,0.4670974612236023
109.png,gamma,0.551665723323822
109.png,log,0.5905585885047913
109.png,retinex,0.47060877084732056
109.png,hist_eq,0.5407107472419739
110.png,clahe,0.42578941583633423
110.png,gamma,0.4926905930042267
110.png,log,0.5323995351791382
110.png,retinex,0.3991694450378418
110.png,hist_eq,0.4654695689678192
112.png,clahe,0.5836669206619263
112.png,gamma,0.6250814199447632
112.png,log,0.6443874835968018
112.png,retinex,0.529453694820404
112.png,hist_eq,0.7038099765777588
113.png,clahe,0.490072101354599
113.png,gamma,0.48391252756118774
113.png,log,0.5471644401550293
113.png,retinex,0.5875396728515625
113.png,hist_eq,0.483503133058548
114.png,clahe,0.48591840267181396
114.png,gamma,0.4850141704082489
114.png,log,0.4886789321899414
114.png,retinex,0.43942970037460327
114.png,hist_eq,0.5526830554008484
115.png,clahe,0.33127012848854065
115.png,gamma,0.46406257152557373
115.png,log,0.4312751591205597
115.png,retinex,0.5033056139945984
115.png,hist_eq,0.5173644423484802
116.png,clahe,0.3953434228897095
116.png,gamma,0.4567173719406128
116.png,log,0.4368148744106293
116.png,retinex,0.4300493896007538
116.png,hist_eq,0.460313081741333
117.png,clahe,0.339771568775177
117.png,gamma,0.41877469420433044
117.png,log,0.4370051622390747
117.png,retinex,0.35197576880455017
117.png,hist_eq,0.3400469720363617
118.png,clahe,0.334806889295578
118.png,gamma,0.45198073983192444
118.png,log,0.4248500168323517
118.png,retinex,0.4130733907222748
118.png,hist_eq,0.36640799045562744
119.png,clahe,0.46409669518470764
119.png,gamma,0.5635069608688354
119.png,log,0.5722643733024597
119.png,retinex,0.5149369835853577
119.png,hist_eq,0.4611828923225403
12.png,clahe,0.3377496004104614
12.png,gamma,0.40565773844718933
12.png,log,0.46362948417663574
12.png,retinex,0.4137519299983978
12.png,hist_eq,0.4289034605026245
120.png,clahe,0.4653177559375763
120.png,gamma,0.5266932249069214
120.png,log,0.5403284430503845
120.png,retinex,0.4589804708957672
120.png,hist_eq,0.4563475549221039
121.png,clahe,0.4012821912765503
121.png,gamma,0.468558132648468
121.png,log,0.4629005193710327
121.png,retinex,0.3515721559524536
121.png,hist_eq,0.4260011613368988
122.png,clahe,0.3747156262397766
122.png,gamma,0.43680644035339355
122.png,log,0.4482566714286804
122.png,retinex,0.45448848605155945
122.png,hist_eq,0.4731888771057129
123.png,clahe,0.45844292640686035
123.png,gamma,0.5090538859367371
123.png,log,0.5172263383865356
123.png,retinex,0.47479525208473206
123.png,hist_eq,0.5158095359802246
124.png,clahe,0.44158104062080383
124.png,gamma,0.5069360733032227
124.png,log,0.5116496682167053
124.png,retinex,0.5416067838668823
124.png,hist_eq,0.4812007248401642
125.png,clahe,0.26661789417266846
125.png,gamma,0.3996155560016632
125.png,log,0.48149073123931885
125.png,retinex,0.4664466083049774
125.png,hist_eq,0.49533212184906006
126.png,clahe,0.28508827090263367
126.png,gamma,0.4263145923614502
126.png,log,0.4845691919326782
126.png,retinex,0.531609296798706
126.png,hist_eq,0.428579717874527
127.png,clahe,0.3779829740524292
127.png,gamma,0.44641411304473877
127.png,log,0.5368459820747375
127.png,retinex,0.4553322196006775
127.png,hist_eq,0.4641586244106293
128.png,clahe,0.3341553807258606
128.png,gamma,0.4720493257045746
128.png,log,0.5363185405731201
128.png,retinex,0.4524478018283844
128.png,hist_eq,0.42827171087265015
129.png,clahe,0.5195775032043457
129.png,gamma,0.6179441809654236
129.png,log,0.7101821899414062
129.png,retinex,0.507239043712616
129.png,hist_eq,0.5393543243408203
13.png,clahe,0.46045616269111633
13.png,gamma,0.5682436227798462
13.png,log,0.6826346516609192
13.png,retinex,0.5985058546066284
13.png,hist_eq,0.5069335103034973
130.png,clahe,0.5354834198951721
130.png,gamma,0.597988486289978
130.png,log,0.6718692779541016
130.png,retinex,0.5213926434516907
130.png,hist_eq,0.5525798201560974
131.png,clahe,0.5377104878425598
131.png,gamma,0.5891255140304565
131.png,log,0.6636185050010681
131.png,retinex,0.5379754900932312
131.png,hist_eq,0.6167415976524353
132.png,clahe,0.5014057159423828
132.png,gamma,0.5649612545967102
132.png,log,0.6412758231163025
132.png,retinex,0.49764442443847656
132.png,hist_eq,0.6069738268852234
135.png,clahe,0.4214322865009308
135.png,gamma,0.5067024827003479
135.png,log,0.4943883419036865
135.png,retinex,0.4746575653553009
135.png,hist_eq,0.5178592205047607
136.png,clahe,0.4126082956790924
136.png,gamma,0.5133315920829773
136.png,log,0.5302783250808716
136.png,retinex,0.49662071466445923
136.png,hist_eq,0.534518837928772
137.png,clahe,0.2538106143474579
137.png,gamma,0.3499903380870819
137.png,log,0.3775314688682556
137.png,retinex,0.36460211873054504
137.png,hist_eq,0.36230218410491943
138.png,clahe,0.28840622305870056
138.png,gamma,0.37998148798942566
138.png,log,0.36565884947776794
138.png,retinex,0.401811808347702
138.png,hist_eq,0.31702864170074463
139.png,clahe,0.2518376111984253
139.png,gamma,0.34759464859962463
139.png,log,0.32349470257759094
139.png,retinex,0.3966894745826721
139.png,hist_eq,0.40305137634277344
14.png,clahe,0.44718417525291443
14.png,gamma,0.5450329184532166
14.png,log,0.6824243068695068
14.png,retinex,0.5472738146781921
14.png,hist_eq,0.5976684093475342
140.png,clahe,0.27682527899742126
140.png,gamma,0.3514908254146576
140.png,log,0.3123427629470825
140.png,retinex,0.3733971118927002
140.png,hist_eq,0.36838462948799133
141.png,clahe,0.29023024439811707
141.png,gamma,0.37610557675361633
141.png,log,0.39817699790000916
141.png,retinex,0.41214168071746826
141.png,hist_eq,0.3163255453109741
142.png,clahe,0.35323384404182434
142.png,gamma,0.385752409696579
142.png,log,0.4258880615234375
142.png,retinex,0.4059518575668335
142.png,hist_eq,0.31053635478019714
143.png,clahe,0.26604020595550537
143.png,gamma,0.3474521338939667
143.png,log,0.34825408458709717
143.png,retinex,0.35252517461776733
143.png,hist_eq,0.4232480227947235
144.png,clahe,0.25737443566322327
144.png,gamma,0.3087517321109772
144.png,log,0.3115377128124237
144.png,retinex,0.44018274545669556
144.png,hist_eq,0.37519925832748413
145.png,clahe,0.4497315287590027
145.png,gamma,0.48612236976623535
145.png,log,0.5173742175102234
145.png,retinex,0.4702421724796295
145.png,hist_eq,0.5128746032714844
147.png,clahe,0.3355494439601898
147.png,gamma,0.4486883580684662
147.png,log,0.4744347333908081
147.png,retinex,0.41569963097572327
147.png,hist_eq,0.4916887581348419
149.png,clahe,0.268385648727417
149.png,gamma,0.2624087631702423
149.png,log,0.34921470284461975
149.png,retinex,0.4024036228656769
149.png,hist_eq,0.3542565703392029
15.png,clahe,0.34991487860679626
15.png,gamma,0.48431646823883057
15.png,log,0.43545883893966675
15.png,retinex,0.3820149302482605
15.png,hist_eq,0.381698876619339
150.png,clahe,0.3993968367576599
150.png,gamma,0.4957827031612396
150.png,log,0.5071682929992676
150.png,retinex,0.38840731978416443
150.png,hist_eq,0.45176464319229126
151.png,clahe,0.4011515974998474
151.png,gamma,0.4542257785797119
151.png,log,0.529784619808197
151.png,retinex,0.3555071949958801
151.png,hist_eq,0.5547630190849304
152.png,clahe,0.3735102117061615
152.png,gamma,0.46650782227516174
152.png,log,0.4608426094055176
152.png,retinex,0.42126765847206116
152.png,hist_eq,0.4677688479423523
154.png,clahe,0.3400287628173828
154.png,gamma,0.433369904756546
154.png,log,0.42665326595306396
154.png,retinex,0.32564327120780945
154.png,hist_eq,0.36791566014289856
157.png,clahe,0.6523508429527283
157.png,gamma,0.6756488084793091
157.png,log,0.6777423620223999
157.png,retinex,0.5586581230163574
157.png,hist_eq,0.5883039236068726
159.png,clahe,0.4223206043243408
159.png,gamma,0.4104636311531067
159.png,log,0.4854446053504944
159.png,retinex,0.5380643606185913
159.png,hist_eq,0.3789718449115753
16.png,clahe,0.35519757866859436
16.png,gamma,0.433981716632843
16.png,log,0.4965062737464905
16.png,retinex,0.39702072739601135
16.png,hist_eq,0.3494732975959778
160.png,clahe,0.40653517842292786
160.png,gamma,0.4298965334892273
160.png,log,0.46411117911338806
160.png,retinex,0.47345203161239624
160.png,hist_eq,0.3898078203201294
162.png,clahe,0.41524288058280945
162.png,gamma,0.5424497723579407
162.png,log,0.5177949666976929
162.png,retinex,0.4756312370300293
162.png,hist_eq,0.4445953965187073
167.png,clahe,0.5181995034217834
167.png,gamma,0.557610034942627
167.png,log,0.6504919528961182
167.png,retinex,0.46787211298942566
167.png,hist_eq,0.598347008228302
169.png,clahe,0.4839951992034912
169.png,gamma,0.5716503262519836
169.png,log,0.6545978784561157
169.png,retinex,0.5034376978874207
169.png,hist_eq,0.48320019245147705
17.png,clahe,0.5105941891670227
17.png,gamma,0.533164381980896
17.png,log,0.5982422828674316
17.png,retinex,0.6175097227096558
17.png,hist_eq,0.5895774364471436
171.png,clahe,0.39114972949028015
171.png,gamma,0.3913336992263794
171.png,log,0.42875513434410095
171.png,retinex,0.38904181122779846
171.png,hist_eq,0.38635095953941345
172.png,clahe,0.25256654620170593
172.png,gamma,0.31560370326042175
172.png,log,0.33654820919036865
172.png,retinex,0.32965975999832153
172.png,hist_eq,0.24624118208885193
173.png,clahe,0.46183112263679504
173.png,gamma,0.48753660917282104
173.png,log,0.4976310729980469
173.png,retinex,0.47870802879333496
173.png,hist_eq,0.4887969195842743
174.png,clahe,0.4986073672771454
174.png,gamma,0.5623518228530884
174.png,log,0.5739442706108093
174.png,retinex,0.5416536927223206
174.png,hist_eq,0.5026831030845642
175.png,clahe,0.2985488772392273
175.png,gamma,0.40172815322875977
175.png,log,0.3207037150859833
175.png,retinex,0.3918403685092926
175.png,hist_eq,0.3357197642326355
176.png,clahe,0.41281768679618835
176.png,gamma,0.4912194609642029
176.png,log,0.4972214996814728
176.png,retinex,0.5252061486244202
176.png,hist_eq,0.4348950684070587
18.png,clahe,0.4957174062728882
18.png,gamma,0.5624886155128479
18.png,log,0.6116257309913635
18.png,retinex,0.5936725735664368
18.png,hist_eq,0.6212297081947327
180.png,clahe,0.3989933133125305
180.png,gamma,0.42044204473495483
180.png,log,0.42390862107276917
180.png,retinex,0.468118816614151
180.png,hist_eq,0.3088352084159851
183.png,clahe,0.295948326587677
183.png,gamma,0.29959625005722046
183.png,log,0.3185853362083435
183.png,retinex,0.4578254818916321
183.png,hist_eq,0.23790636658668518
184.png,clahe,0.36322855949401855
184.png,gamma,0.4943077564239502
184.png,log,0.4597260355949402
184.png,retinex,0.4121595025062561
184.png,hist_eq,0.5073537230491638
185.png,clahe,0.42012208700180054
185.png,gamma,0.4540683329105377
185.png,log,0.4408942461013794
185.png,retinex,0.39016082882881165
185.png,hist_eq,0.5181311964988708
186.png,clahe,0.5027563571929932
186.png,gamma,0.6355876326560974
186.png,log,0.5897812247276306
186.png,retinex,0.4817202687263489
186.png,hist_eq,0.6453884243965149
187.png,clahe,0.5193037390708923
187.png,gamma,0.5955646634101868
187.png,log,0.5605738162994385
187.png,retinex,0.5219039916992188
187.png,hist_eq,0.6350263953208923
188.png,clahe,0.4084760546684265
188.png,gamma,0.4377603828907013
188.png,log,0.5251678824424744
188.png,retinex,0.4918961524963379
188.png,hist_eq,0.487646222114563
189.png,clahe,0.42565324902534485
189.png,gamma,0.5050423741340637
189.png,log,0.5437433123588562
189.png,retinex,0.6168977618217468
189.png,hist_eq,0.5102619528770447
191.png,clahe,0.4238699972629547
191.png,gamma,0.5020754337310791
191.png,log,0.5904107689857483
191.png,retinex,0.4928879737854004
191.png,hist_eq,0.5121381282806396
193.png,clahe,0.5645120739936829
193.png,gamma,0.6485676765441895
193.png,log,0.6879803538322449
193.png,retinex,0.5289304852485657
193.png,hist_eq,0.6792582869529724
194.png,clahe,0.5271947979927063
194.png,gamma,0.5436264276504517
194.png,log,0.5728436708450317
194.png,retinex,0.5884459614753723
194.png,hist_eq,0.5745411515235901
195.png,clahe,0.37405532598495483
195.png,gamma,0.3987470865249634
195.png,log,0.41930660605430603
195.png,retinex,0.46078264713287354
195.png,hist_eq,0.2684631943702698
196.png,clahe,0.39842429757118225
196.png,gamma,0.4807429313659668
196.png,log,0.5608502626419067
196.png,retinex,0.5340107083320618
196.png,hist_eq,0.27766919136047363
198.png,clahe,0.45737719535827637
198.png,gamma,0.5192951560020447
198.png,log,0.6203429102897644
198.png,retinex,0.511992335319519
198.png,hist_eq,0.5047973394393921
199.png,clahe,0.32886403799057007
199.png,gamma,0.3861142694950104
199.png,log,0.3685106635093689
199.png,retinex,0.553383469581604
199.png,hist_eq,0.3401079475879669
2.png,clahe,0.4918186366558075
2.png,gamma,0.5911969542503357
2.png,log,0.6310151219367981
2.png,retinex,0.527260422706604
2.png,hist_eq,0.4949647784233093
200.png,clahe,0.291048139333725
200.png,gamma,0.2983827292919159
200.png,log,0.25653305649757385
200.png,retinex,0.3049933910369873
200.png,hist_eq,0.3385668694972992
201.png,clahe,0.47885963320732117
201.png,gamma,0.5577674508094788
201.png,log,0.5660258531570435
201.png,retinex,0.48526498675346375
201.png,hist_eq,0.6023743152618408
202.png,clahe,0.45806246995925903
202.png,gamma,0.5471602082252502
202.png,log,0.5914515852928162
202.png,retinex,0.3382481038570404
202.png,hist_eq,0.5960568785667419
203.png,clahe,0.18921132385730743
203.png,gamma,0.35610392689704895
203.png,log,0.4087901711463928
203.png,retinex,0.4506065547466278
203.png,hist_eq,0.2606663405895233
204.png,clahe,0.38562700152397156
204.png,gamma,0.5072269439697266
204.png,log,0.5722837448120117
204.png,retinex,0.4624936878681183
204.png,hist_eq,0.45260655879974365
206.png,clahe,0.4819202423095703
206.png,gamma,0.5371909737586975
206.png,log,0.56836998462677
206.png,retinex,0.5744684934616089
206.png,hist_eq,0.49630048871040344
207.png,clahe,0.39599040150642395
207.png,gamma,0.4647713303565979
207.png,log,0.5171253681182861
207.png,retinex,0.5399248600006104
207.png,hist_eq,0.5544572472572327
209.png,clahe,0.5311498045921326
209.png,gamma,0.5597532987594604
209.png,log,0.6037290096282959
209.png,retinex,0.5682106018066406
209.png,hist_eq,0.6332988142967224
21.png,clahe,0.506876528263092
21.png,gamma,0.5105823278427124
21.png,log,0.5573576092720032
21.png,retinex,0.4275766611099243
21.png,hist_eq,0.5120078325271606
210.png,clahe,0.39169174432754517
210.png,gamma,0.4058975875377655
210.png,log,0.5513283610343933
210.png,retinex,0.5195046663284302
210.png,hist_eq,0.5072207450866699
211.png,clahe,0.3046458065509796
211.png,gamma,0.3807688355445862
211.png,log,0.3893231749534607
211.png,retinex,0.3724365532398224
211.png,hist_eq,0.3056042194366455
212.png,clahe,0.3586627244949341
212.png,gamma,0.35109463334083557
212.png,log,0.42031702399253845
212.png,retinex,0.40836086869239807
212.png,hist_eq,0.4624254107475281
213.png,clahe,0.43892890214920044
213.png,gamma,0.5435478687286377
213.png,log,0.5823683142662048
213.png,retinex,0.61014723777771
213.png,hist_eq,0.64938884973526
215.png,clahe,0.5066993832588196
215.png,gamma,0.6030899882316589
215.png,log,0.6902828812599182
215.png,retinex,0.564872682094574
215.png,hist_eq,0.6581467390060425
216.png,clahe,0.5804830193519592
216.png,gamma,0.596684455871582
216.png,log,0.6007696986198425
216.png,retinex,0.44934001564979553
216.png,hist_eq,0.5961416363716125
219.png,clahe,0.46365150809288025
219.png,gamma,0.6200924515724182
219.png,log,0.5170491337776184
219.png,retinex,0.3979185223579407
219.png,hist_eq,0.5213409662246704
220.png,clahe,0.34014177322387695
220.png,gamma,0.471227765083313
220.png,log,0.4276319742202759
220.png,retinex,0.4605281949043274
220.png,hist_eq,0.40849563479423523
221.png,clahe,0.5381959080696106
221.png,gamma,0.6573874354362488
221.png,log,0.656769871711731
221.png,retinex,0.5733500123023987
221.png,hist_eq,0.6300787925720215
222.png,clahe,0.5230161547660828
222.png,gamma,0.5541601777076721
222.png,log,0.5863687992095947
222.png,retinex,0.4706368148326874
222.png,hist_eq,0.5789664387702942
225.png,clahe,0.5305640697479248
225.png,gamma,0.6003151535987854
225.png,log,0.6512173414230347
225.png,retinex,0.5155360698699951
225.png,hist_eq,0.6571304798126221
227.png,clahe,0.23771414160728455
227.png,gamma,0.31865349411964417
227.png,log,0.4098309874534607
227.png,retinex,0.30576372146606445
227.png,hist_eq,0.2893508970737457
228.png,clahe,0.27266183495521545
228.png,gamma,0.35005632042884827
228.png,log,0.35622528195381165
228.png,retinex,0.34320783615112305
228.png,hist_eq,0.27084168791770935
229.png,clahe,0.28526735305786133
229.png,gamma,0.40874502062797546
229.png,log,0.4423019587993622
229.png,retinex,0.34002578258514404
229.png,hist_eq,0.3304348886013031
230.png,clahe,0.5006787776947021
230.png,gamma,0.5706636309623718
230.png,log,0.6532796025276184
230.png,retinex,0.5468050241470337
230.png,hist_eq,0.5391111969947815
231.png,clahe,0.3267323672771454
231.png,gamma,0.34511780738830566
231.png,log,0.36131036281585693
231.png,retinex,0.3840752840042114
231.png,hist_eq,0.2501181364059448
232.png,clahe,0.4144548773765564
232.png,gamma,0.4964659810066223
232.png,log,0.5973069667816162
232.png,retinex,0.5154865384101868
232.png,hist_eq,0.49340951442718506
233.png,clahe,0.45461902022361755
233.png,gamma,0.5165166258811951
233.png,log,0.6282726526260376
233.png,retinex,0.43733203411102295
233.png,hist_eq,0.5943190455436707
235.png,clahe,0.5108188986778259
235.png,gamma,0.5194006562232971
235.png,log,0.6054867506027222
235.png,retinex,0.41816362738609314
235.png,hist_eq,0.6267245411872864
236.png,clahe,0.4560527503490448
236.png,gamma,0.5581075549125671
236.png,log,0.48806777596473694
236.png,retinex,0.5898599028587341
236.png,hist_eq,0.6164329051971436
237.png,clahe,0.3223128318786621
237.png,gamma,0.41073644161224365
237.png,log,0.3975379467010498
237.png,retinex,0.3485715091228485
237.png,hist_eq,0.36886516213417053
238.png,clahe,0.3973243832588196
238.png,gamma,0.4731232523918152
238.png,log,0.41291362047195435
238.png,retinex,0.5142369270324707
238.png,hist_eq,0.536410391330719
239.png,clahe,0.38626572489738464
239.png,gamma,0.4065089821815491
239.png,log,0.4884556829929352
239.png,retinex,0.4753827154636383
239.png,hist_eq,0.4877384305000305
24.png,clahe,0.37335580587387085
24.png,gamma,0.412958025932312
24.png,log,0.4779382348060608
24.png,retinex,0.30429360270500183
24.png,hist_eq,0.4293936491012573
240.png,clahe,0.3309803605079651
240.png,gamma,0.3465183973312378
240.png,log,0.3072201907634735
240.png,retinex,0.4609535038471222
240.png,hist_eq,0.3349016606807709
241.png,clahe,0.3931770324707031
241.png,gamma,0.4978609085083008
241.png,log,0.49731162190437317
241.png,retinex,0.4490811824798584
241.png,hist_eq,0.42325666546821594
242.png,clahe,0.2830415368080139
242.png,gamma,0.3769124746322632
242.png,log,0.33542099595069885
242.png,retinex,0.32827407121658325
242.png,hist_eq,0.23352910578250885
243.png,clahe,0.5272996425628662
243.png,gamma,0.568472683429718
243.png,log,0.5588682889938354
243.png,retinex,0.4999280273914337
243.png,hist_eq,0.5836998224258423
244.png,clahe,0.5296345353126526
244.png,gamma,0.5894833207130432
244.png,log,0.5829249024391174
244.png,retinex,0.5735414624214172
244.png,hist_eq,0.5579069256782532
246.png,clahe,0.4737485349178314
246.png,gamma,0.48344025015830994
246.png,log,0.513163149356842
246.png,retinex,0.4293934106826782
246.png,hist_eq,0.5247842669487
247.png,clahe,0.6469731330871582
247.png,gamma,0.6488736271858215
247.png,log,0.6405879855155945
247.png,retinex,0.5378420352935791
247.png,hist_eq,0.6432695388793945
248.png,clahe,0.3462165892124176
248.png,gamma,0.41467106342315674
248.png,log,0.5230171084403992
248.png,retinex,0.4528256058692932
248.png,hist_eq,0.5151392817497253
249.png,clahe,0.3094184994697571
249.png,gamma,0.31506428122520447
249.png,log,0.3015628755092621
249.png,retinex,0.4006820321083069
249.png,hist_eq,0.3069496750831604
25.png,clahe,0.5371205806732178
25.png,gamma,0.6015074253082275
25.png,log,0.5890124440193176
25.png,retinex,0.5601319074630737
25.png,hist_eq,0.6156045198440552
250.png,clahe,0.42446208000183105
250.png,gamma,0.4648175835609436
250.png,log,0.6188666224479675
250.png,retinex,0.4450588822364807
250.png,hist_eq,0.6435129046440125
251.png,clahe,0.4988555610179901
251.png,gamma,0.5624008774757385
251.png,log,0.6141983270645142
251.png,retinex,0.48430076241493225
251.png,hist_eq,0.5818062424659729
252.png,clahe,0.48032820224761963
252.png,gamma,0.5220568180084229
252.png,log,0.5337508916854858
252.png,retinex,0.41754236817359924
252.png,hist_eq,0.334369957447052
253.png,clahe,0.5797891616821289
253.png,gamma,0.613241970539093
253.png,log,0.7261963486671448
253.png,retinex,0.5390225648880005
253.png,hist_eq,0.6724420189857483
254.png,clahe,0.5929829478263855
254.png,gamma,0.6721762418746948
254.png,log,0.692411482334137
254.png,retinex,0.6785747408866882
254.png,hist_eq,0.6551552414894104
257.png,clahe,0.4332343339920044
257.png,gamma,0.5181671380996704
257.png,log,0.5381935238838196
257.png,retinex,0.44052615761756897
257.png,hist_eq,0.6062195897102356
258.png,clahe,0.49771931767463684
258.png,gamma,0.5543556809425354
258.png,log,0.5858237147331238
258.png,retinex,0.44849586486816406
258.png,hist_eq,0.6438350677490234
259.png,clahe,0.5773122310638428
259.png,gamma,0.626718282699585
259.png,log,0.6316830515861511
259.png,retinex,0.5259785056114197
259.png,hist_eq,0.6935047507286072
26.png,clahe,0.5672159194946289
26.png,gamma,0.6210394501686096
26.png,log,0.5909212231636047
26.png,retinex,0.5551702976226807
26.png,hist_eq,0.6287338137626648
260.png,clahe,0.4284062087535858
260.png,gamma,0.5307438969612122
260.png,log,0.5553389191627502
260.png,retinex,0.34980079531669617
260.png,hist_eq,0.5441119074821472
261.png,clahe,0.35342687368392944
261.png,gamma,0.4071962237358093
261.png,log,0.3593643605709076
261.png,retinex,0.2868500351905823
261.png,hist_eq,0.258433073759079
262.png,clahe,0.6107885837554932
262.png,gamma,0.6285056471824646
262.png,log,0.6373031139373779
262.png,retinex,0.5423224568367004
262.png,hist_eq,0.7148005366325378
263.png,clahe,0.5515944957733154
263.png,gamma,0.5648773312568665
263.png,log,0.5981054306030273
263.png,retinex,0.5675520896911621
263.png,hist_eq,0.6241190433502197
264.png,clahe,0.4265305697917938
264.png,gamma,0.4523676931858063
264.png,log,0.4976337254047394
264.png,retinex,0.4790459871292114
264.png,hist_eq,0.471697598695755
265.png,clahe,0.4665781259536743
265.png,gamma,0.5315717458724976
265.png,log,0.5458465218544006
265.png,retinex,0.591981053352356
265.png,hist_eq,0.6422654986381531
267.png,clahe,0.46340513229370117
267.png,gamma,0.5427364110946655
267.png,log,0.5403134822845459
267.png,retinex,0.6006420850753784
267.png,hist_eq,0.5857716798782349
27.png,clahe,0.2761572003364563
27.png,gamma,0.3701462149620056
27.png,log,0.31951189041137695
27.png,retinex,0.29008764028549194
27.png,hist_eq,0.27087557315826416
28.png,clahe,0.2829788327217102
28.png,gamma,0.3751673102378845
28.png,log,0.33778437972068787
28.png,retinex,0.2887625992298126
28.png,hist_eq,0.2669152319431305
328.png,clahe,0.5781430602073669
328.png,gamma,0.5142883658409119
328.png,log,0.5028347373008728
328.png,retinex,0.2970721125602722
328.png,hist_eq,0.49464651942253113
33.png,clahe,0.4212139844894409
33.png,gamma,0.44721531867980957
33.png,log,0.42483627796173096
33.png,retinex,0.3152548670768738
33.png,hist_eq,0.4789038896560669
330.png,clahe,0.5372097492218018
330.png,gamma,0.4808026850223541
330.png,log,0.4856456518173218
330.png,retinex,0.3024027645587921
330.png,hist_eq,0.4695729911327362
342.png,clahe,0.6029080152511597
342.png,gamma,0.553926408290863
342.png,log,0.5639010071754456
342.png,retinex,0.30495133996009827
342.png,hist_eq,0.464033842086792
344.png,clahe,0.5895954370498657
344.png,gamma,0.5495995283126831
344.png,log,0.5558541417121887
344.png,retinex,0.3307464122772217
344.png,hist_eq,0.4542919993400574
35.png,clahe,0.48034799098968506
35.png,gamma,0.5382530689239502
35.png,log,0.5555239915847778
35.png,retinex,0.5574355125427246
35.png,hist_eq,0.6206918954849243
36.png,clahe,0.49426889419555664
36.png,gamma,0.5671675205230713
36.png,log,0.5839866995811462
36.png,retinex,0.5598915219306946
36.png,hist_eq,0.5553704500198364
38.png,clahe,0.375929057598114
38.png,gamma,0.3811568021774292
38.png,log,0.4339179992675781
38.png,retinex,0.42843934893608093
38.png,hist_eq,0.3793851137161255
39.png,clahe,0.46773654222488403
39.png,gamma,0.5127049684524536
39.png,log,0.5669712424278259
39.png,retinex,0.5338218212127686
39.png,hist_eq,0.48955854773521423
40.png,clahe,0.4881330132484436
40.png,gamma,0.5505252480506897
40.png,log,0.5963752865791321
40.png,retinex,0.5160336494445801
40.png,hist_eq,0.4907582700252533
42.png,clahe,0.37538978457450867
42.png,gamma,0.42597177624702454
42.png,log,0.45296624302864075
42.png,retinex,0.44351381063461304
42.png,hist_eq,0.38107335567474365
43.png,clahe,0.4618474841117859
43.png,gamma,0.552874743938446
43.png,log,0.5967698097229004
43.png,retinex,0.4382474720478058
43.png,hist_eq,0.555277943611145
44.png,clahe,0.46909698843955994
44.png,gamma,0.49557483196258545
44.png,log,0.5450998544692993
44.png,retinex,0.37832963466644287
44.png,hist_eq,0.5366157293319702
45.png,clahe,0.22796308994293213
45.png,gamma,0.3482259511947632
45.png,log,0.3366868495941162
45.png,retinex,0.2952948212623596
45.png,hist_eq,0.3693579435348511
450.png,clahe,0.6334259510040283
450.png,gamma,0.5330212116241455
450.png,log,0.5434215068817139
450.png,retinex,0.3879880905151367
450.png,hist_eq,0.5435131192207336
46.png,clahe,0.23055683076381683
46.png,gamma,0.2999799847602844
46.png,log,0.3354582190513611
46.png,retinex,0.3656099736690521
46.png,hist_eq,0.373529851436615
460.png,clahe,0.6273269057273865
460.png,gamma,0.5764753818511963
460.png,log,0.6005345582962036
460.png,retinex,0.4829922914505005
460.png,hist_eq,0.5705773830413818
464.png,clahe,0.5965651273727417
464.png,gamma,0.49362075328826904
464.png,log,0.5024964809417725
464.png,retinex,0.3994668424129486
464.png,hist_eq,0.5343350768089294
468.png,clahe,0.5227132439613342
468.png,gamma,0.556150496006012
468.png,log,0.5871908664703369
468.png,retinex,0.6060543060302734
468.png,hist_eq,0.6011454463005066
469.png,clahe,0.5241000056266785
469.png,gamma,0.5480773448944092
469.png,log,0.6988431215286255
469.png,retinex,0.6913032531738281
469.png,hist_eq,0.6890157461166382
47.png,clahe,0.5551477074623108
47.png,gamma,0.5983518362045288
47.png,log,0.6251851320266724
47.png,retinex,0.5450083017349243
47.png,hist_eq,0.5330499410629272
470.png,clahe,0.5628399848937988
470.png,gamma,0.5897539854049683
470.png,log,0.6957383155822754
470.png,retinex,0.6023407578468323
470.png,hist_eq,0.6879866719245911
471.png,clahe,0.5288946032524109
471.png,gamma,0.5979949235916138
471.png,log,0.7026787400245667
471.png,retinex,0.6266545057296753
471.png,hist_eq,0.6523134708404541
472.png,clahe,0.5570042133331299
472.png,gamma,0.6157821416854858
472.png,log,0.6843535900115967
472.png,retinex,0.5719735026359558
472.png,hist_eq,0.6330026984214783
473.png,clahe,0.5164125561714172
473.png,gamma,0.5928670763969421
473.png,log,0.6832114458084106
473.png,retinex,0.5413318872451782
473.png,hist_eq,0.6296852231025696
474.png,clahe,0.5471035242080688
474.png,gamma,0.6144082546234131
474.png,log,0.7106298804283142
474.png,retinex,0.5600181221961975
474.png,hist_eq,0.6553924679756165
475.png,clahe,0.5583361983299255
475.png,gamma,0.5834879875183105
475.png,log,0.672464907169342
475.png,retinex,0.5779445767402649
475.png,hist_eq,0.5837653875350952
476.png,clahe,0.5380626916885376
476.png,gamma,0.5780095458030701
476.png,log,0.6591897010803223
476.png,retinex,0.6461445689201355
476.png,hist_eq,0.6465631127357483
477.png,clahe,0.48982569575309753
477.png,gamma,0.4996800422668457
477.png,log,0.5642030239105225
477.png,retinex,0.5224812626838684
477.png,hist_eq,0.5915338397026062
478.png,clahe,0.6573193073272705
478.png,gamma,0.6695758104324341
478.png,log,0.6994238495826721
478.png,retinex,0.5452975034713745
478.png,hist_eq,0.7186238765716553
479.png,clahe,0.6709846258163452
479.png,gamma,0.7124233245849609
479.png,log,0.7592893838882446
479.png,retinex,0.6607186198234558
479.png,hist_eq,0.7481661438941956
48.png,clahe,0.5414971709251404
48.png,gamma,0.6242467761039734
48.png,log,0.6294180750846863
48.png,retinex,0.5142993330955505
48.png,hist_eq,0.5706960558891296
480.png,clahe,0.5824288725852966
480.png,gamma,0.5924591422080994
480.png,log,0.6476097702980042
480.png,retinex,0.5883631110191345
480.png,hist_eq,0.6455632448196411
481.png,clahe,0.5687994956970215
481.png,gamma,0.5534532070159912
481.png,log,0.619421124458313
481.png,retinex,0.6502772569656372
481.png,hist_eq,0.6064818501472473
482.png,clahe,0.29738524556159973
482.png,gamma,0.3748716115951538
482.png,log,0.4723186194896698
482.png,retinex,0.36892110109329224
482.png,hist_eq,0.4440794587135315
483.png,clahe,0.271887868642807
483.png,gamma,0.396480917930603
483.png,log,0.47812214493751526
483.png,retinex,0.3755391538143158
483.png,hist_eq,0.46502164006233215
484.png,clahe,0.3237913250923157
484.png,gamma,0.35356220602989197
484.png,log,0.419039785861969
484.png,retinex,0.34108635783195496
484.png,hist_eq,0.35511288046836853
485.png,clahe,0.312654584646225
485.png,gamma,0.4426899254322052
485.png,log,0.48595964908599854
485.png,retinex,0.3188493549823761
485.png,hist_eq,0.41356921195983887
486.png,clahe,0.4812150299549103
486.png,gamma,0.5069015026092529
486.png,log,0.5695405602455139
486.png,retinex,0.4595154821872711
486.png,hist_eq,0.5177416205406189
487.png,clahe,0.4773799777030945
487.png,gamma,0.44258591532707214
487.png,log,0.5353211760520935
487.png,retinex,0.526760458946228
487.png,hist_eq,0.559429407119751
488.png,clahe,0.39325371384620667
488.png,gamma,0.3924732804298401
488.png,log,0.47498244047164917
488.png,retinex,0.3870064318180084
488.png,hist_eq,0.42730265855789185
489.png,clahe,0.481109082698822
489.png,gamma,0.5124804973602295
489.png,log,0.5839046835899353
489.png,retinex,0.504125714302063
489.png,hist_eq,0.5900356769561768
490.png,clahe,0.424372136592865
490.png,gamma,0.4786223769187927
490.png,log,0.5584328174591064
490.png,retinex,0.44322335720062256
490.png,hist_eq,0.4379516541957855
491.png,clahe,0.37600669264793396
491.png,gamma,0.4574112594127655
491.png,log,0.5612512230873108
491.png,retinex,0.3764234483242035
491.png,hist_eq,0.5093456506729126
492.png,clahe,0.41316935420036316
492.png,gamma,0.47657299041748047
492.png,log,0.5791628956794739
492.png,retinex,0.4036726653575897
492.png,hist_eq,0.43899232149124146
494.png,clahe,0.4542038142681122
494.png,gamma,0.5645688772201538
494.png,log,0.5674221515655518
494.png,retinex,0.4428451955318451
494.png,hist_eq,0.6080030202865601
495.png,clahe,0.4881756901741028
495.png,gamma,0.5420417189598083
495.png,log,0.5577839016914368
495.png,retinex,0.48619264364242554
495.png,hist_eq,0.5644098520278931
496.png,clahe,0.5910134315490723
496.png,gamma,0.5643057227134705
496.png,log,0.6197486519813538
496.png,retinex,0.5965428352355957
496.png,hist_eq,0.6304023265838623
497.png,clahe,0.5017750263214111
497.png,gamma,0.5621713399887085
497.png,log,0.5821565389633179
497.png,retinex,0.41859108209609985
497.png,hist_eq,0.6207471489906311
498.png,clahe,0.4937625527381897
498.png,gamma,0.5583410859107971
498.png,log,0.5774555802345276
498.png,retinex,0.38532179594039917
498.png,hist_eq,0.6010549068450928
499.png,clahe,0.5487812161445618
499.png,gamma,0.5628960728645325
499.png,log,0.6298121809959412
499.png,retinex,0.5649138689041138
499.png,hist_eq,0.6718710064888
5.png,clahe,0.5772191286087036
5.png,gamma,0.591305673122406
5.png,log,0.6556136608123779
5.png,retinex,0.5399041771888733
5.png,hist_eq,0.6302189826965332
50.png,clahe,0.39593741297721863
50.png,gamma,0.5058326125144958
50.png,log,0.5358890891075134
50.png,retinex,0.5338692665100098
50.png,hist_eq,0.4789507985115051
500.png,clahe,0.4959560036659241
500.png,gamma,0.5213538408279419
500.png,log,0.5725059509277344
500.png,retinex,0.5407689809799194
500.png,hist_eq,0.5803578495979309
501.png,clahe,0.5272371172904968
501.png,gamma,0.5186728239059448
501.png,log,0.5810031890869141
501.png,retinex,0.6224998831748962
501.png,hist_eq,0.5872946381568909
502.png,clahe,0.4463179409503937
502.png,gamma,0.5288535356521606
502.png,log,0.5221429467201233
502.png,retinex,0.3942708969116211
502.png,hist_eq,0.5875766277313232
504.png,clahe,0.5377815365791321
504.png,gamma,0.55638587474823
504.png,log,0.6160663962364197
504.png,retinex,0.4018447995185852
504.png,hist_eq,0.6497290134429932
505.png,clahe,0.45608091354370117
505.png,gamma,0.49443650245666504
505.png,log,0.4962240159511566
505.png,retinex,0.39931607246398926
505.png,hist_eq,0.5657439231872559
506.png,clahe,0.4514929950237274
506.png,gamma,0.5063194036483765
506.png,log,0.4841397702693939
506.png,retinex,0.4357331693172455
506.png,hist_eq,0.4770963788032532
507.png,clahe,0.39098823070526123
507.png,gamma,0.44907763600349426
507.png,log,0.586991548538208
507.png,retinex,0.31895315647125244
507.png,hist_eq,0.4708870053291321
508.png,clahe,0.29240384697914124
508.png,gamma,0.3069419860839844
508.png,log,0.44211941957473755
508.png,retinex,0.3196481764316559
508.png,hist_eq,0.35406872630119324
51.png,clahe,0.5427167415618896
51.png,gamma,0.5568909645080566
51.png,log,0.5829246640205383
51.png,retinex,0.5319621562957764
51.png,hist_eq,0.561799943447113
511.png,clahe,0.30606359243392944
511.png,gamma,0.339285671710968
511.png,log,0.44671717286109924
511.png,retinex,0.3733691871166229
511.png,hist_eq,0.46740180253982544
512.png,clahe,0.33298811316490173
512.png,gamma,0.38328686356544495
512.png,log,0.46847477555274963
512.png,retinex,0.3819316029548645
512.png,hist_eq,0.39744728803634644
514.png,clahe,0.2512337863445282
514.png,gamma,0.33945587277412415
514.png,log,0.4554422199726105
514.png,retinex,0.30506736040115356
514.png,hist_eq,0.371067613363266
515.png,clahe,0.22649678587913513
515.png,gamma,0.22154338657855988
515.png,log,0.2692646086215973
515.png,retinex,0.2818787097930908
515.png,hist_eq,0.31763955950737
517.png,clahe,0.29619917273521423
517.png,gamma,0.34997954964637756
517.png,log,0.4316578805446625
517.png,retinex,0.2501875162124634
517.png,hist_eq,0.35373881459236145
52.png,clahe,0.5261078476905823
52.png,gamma,0.5869624614715576
52.png,log,0.6054534912109375
52.png,retinex,0.5367279052734375
52.png,hist_eq,0.562613308429718
522.png,clahe,0.31082165241241455
522.png,gamma,0.3578111529350281
522.png,log,0.48987525701522827
522.png,retinex,0.3975226879119873
522.png,hist_eq,0.42300641536712646
523.png,clahe,0.3154078423976898
523.png,gamma,0.3370705246925354
523.png,log,0.49091818928718567
523.png,retinex,0.31870007514953613
523.png,hist_eq,0.39940345287323
524.png,clahe,0.3930714428424835
524.png,gamma,0.4885064363479614
524.png,log,0.5786451101303101
524.png,retinex,0.5201181173324585
524.png,hist_eq,0.5450627207756042
525.png,clahe,0.37795716524124146
525.png,gamma,0.45348116755485535
525.png,log,0.5909675359725952
525.png,retinex,0.5229250192642212
525.png,hist_eq,0.5137730836868286
526.png,clahe,0.3458760380744934
526.png,gamma,0.38664695620536804
526.png,log,0.4225481450557709
526.png,retinex,0.44888532161712646
526.png,hist_eq,0.4793594479560852
527.png,clahe,0.3688673675060272
527.png,gamma,0.34135475754737854
527.png,log,0.4245620369911194
527.png,retinex,0.481067419052124
527.png,hist_eq,0.47098371386528015
528.png,clahe,0.40455570816993713
528.png,gamma,0.3865867853164673
528.png,log,0.5490768551826477
528.png,retinex,0.4106046259403229
528.png,hist_eq,0.4510391354560852
529.png,clahe,0.423764705657959
529.png,gamma,0.3554639220237732
529.png,log,0.47858572006225586
529.png,retinex,0.4196597933769226
529.png,hist_eq,0.40318015217781067
53.png,clahe,0.5772042274475098
53.png,gamma,0.6467117071151733
53.png,log,0.68538498878479
53.png,retinex,0.49770715832710266
53.png,hist_eq,0.6809925436973572
530.png,clahe,0.34011223912239075
530.png,gamma,0.3581855297088623
530.png,log,0.44987550377845764
530.png,retinex,0.3705205023288727
530.png,hist_eq,0.4312213957309723
531.png,clahe,0.38466039299964905
531.png,gamma,0.33424025774002075
531.png,log,0.4470875561237335
531.png,retinex,0.27474018931388855
531.png,hist_eq,0.3773605227470398
532.png,clahe,0.3667454421520233
532.png,gamma,0.43975910544395447
532.png,log,0.501819372177124
532.png,retinex,0.40968334674835205
532.png,hist_eq,0.49904680252075195
533.png,clahe,0.35755065083503723
533.png,gamma,0.46652066707611084
533.png,log,0.513960063457489
533.png,retinex,0.4095117747783661
533.png,hist_eq,0.499956876039505
534.png,clahe,0.4688480794429779
534.png,gamma,0.5835658311843872
534.png,log,0.6108090281486511
534.png,retinex,0.5069122314453125
534.png,hist_eq,0.5791035890579224
535.png,clahe,0.4422558546066284
535.png,gamma,0.5580769777297974
535.png,log,0.604005753993988
535.png,retinex,0.4396667778491974
535.png,hist_eq,0.5570449233055115
537.png,clahe,0.36379343271255493
537.png,gamma,0.4619904160499573
537.png,log,0.5438575744628906
537.png,retinex,0.5812824368476868
537.png,hist_eq,0.5626381635665894
538.png,clahe,0.34857019782066345
538.png,gamma,0.4477074146270752
538.png,log,0.5853206515312195
538.png,retinex,0.39687666296958923
538.png,hist_eq,0.5934510231018066
539.png,clahe,0.37561026215553284
539.png,gamma,0.43980515003204346
539.png,log,0.5548778176307678
539.png,retinex,0.4204868972301483
539.png,hist_eq,0.5565337538719177
54.png,clahe,0.5830060243606567
54.png,gamma,0.6526289582252502
54.png,log,0.68734210729599
54.png,retinex,0.4116337299346924
54.png,hist_eq,0.6792932152748108
540.png,clahe,0.2687978148460388
540.png,gamma,0.3555506765842438
540.png,log,0.3956134021282196
540.png,retinex,0.2997451722621918
540.png,hist_eq,0.37379634380340576
541.png,clahe,0.30007174611091614
541.png,gamma,0.4333987534046173
541.png,log,0.45966964960098267
541.png,retinex,0.3750530779361725
541.png,hist_eq,0.4416447877883911
542.png,clahe,0.3996640145778656
542.png,gamma,0.47351622581481934
542.png,log,0.5247442722320557
542.png,retinex,0.5081953406333923
542.png,hist_eq,0.49735239148139954
543.png,clahe,0.3656221032142639
543.png,gamma,0.4236754775047302
543.png,log,0.4844369888305664
543.png,retinex,0.5262346267700195
543.png,hist_eq,0.5106599926948547
544.png,clahe,0.46260011196136475
544.png,gamma,0.5435218811035156
544.png,log,0.5901830792427063
544.png,retinex,0.5310094356536865
544.png,hist_eq,0.5828034281730652
545.png,clahe,0.47428613901138306
545.png,gamma,0.5499942302703857
545.png,log,0.5536935925483704
545.png,retinex,0.5346049666404724
545.png,hist_eq,0.5509456992149353
546.png,clahe,0.43989065289497375
546.png,gamma,0.4932326674461365
546.png,log,0.5652497410774231
546.png,retinex,0.6391468048095703
546.png,hist_eq,0.5729334950447083
548.png,clahe,0.48447391390800476
548.png,gamma,0.53070068359375
548.png,log,0.6481053829193115
548.png,retinex,0.4724871516227722
548.png,hist_eq,0.5159119367599487
549.png,clahe,0.41684070229530334
549.png,gamma,0.51529860496521
549.png,log,0.6342573165893555
549.png,retinex,0.4912263751029968
549.png,hist_eq,0.5006413459777832
550.png,clahe,0.3023572862148285
550.png,gamma,0.35184720158576965
550.png,log,0.44305652379989624
550.png,retinex,0.5374314188957214
550.png,hist_eq,0.43960073590278625
551.png,clahe,0.3010585308074951
551.png,gamma,0.3630269765853882
551.png,log,0.4443773627281189
551.png,retinex,0.5087378621101379
551.png,hist_eq,0.4442242980003357
552.png,clahe,0.36742275953292847
552.png,gamma,0.49322882294654846
552.png,log,0.47587692737579346
552.png,retinex,0.49320167303085327
552.png,hist_eq,0.4343399405479431
553.png,clahe,0.4177640974521637
553.png,gamma,0.5235506892204285
553.png,log,0.4777349829673767
553.png,retinex,0.4625605642795563
553.png,hist_eq,0.4503926634788513
554.png,clahe,0.4037812650203705
554.png,gamma,0.4136101305484772
554.png,log,0.5197358131408691
554.png,retinex,0.5119091272354126
554.png,hist_eq,0.4425560235977173
555.png,clahe,0.44651874899864197
555.png,gamma,0.49175623059272766
555.png,log,0.5668087601661682
555.png,retinex,0.48470237851142883
555.png,hist_eq,0.4140031933784485
556.png,clahe,0.4957819879055023
556.png,gamma,0.49372991919517517
556.png,log,0.589145839214325
556.png,retinex,0.4812735915184021
556.png,hist_eq,0.5324842929840088
557.png,clahe,0.5282734036445618
557.png,gamma,0.5679613947868347
557.png,log,0.6504932641983032
557.png,retinex,0.5322332978248596
557.png,hist_eq,0.5338640809059143
558.png,clahe,0.6475006937980652
558.png,gamma,0.6457886099815369
558.png,log,0.7173105478286743
558.png,retinex,0.5641301274299622
558.png,hist_eq,0.6429843306541443
559.png,clahe,0.601530909538269
559.png,gamma,0.6901036500930786
559.png,log,0.7400542497634888
559.png,retinex,0.5474864840507507
559.png,hist_eq,0.656888484954834
56.png,clahe,0.4696611166000366
56.png,gamma,0.5582232475280762
56.png,log,0.5593920350074768
56.png,retinex,0.39076486229896545
56.png,hist_eq,0.5863005518913269
560.png,clahe,0.6413962841033936
560.png,gamma,0.6538402438163757
560.png,log,0.7060902714729309
560.png,retinex,0.49956560134887695
560.png,hist_eq,0.6257227063179016
561.png,clahe,0.6199560761451721
561.png,gamma,0.6458043456077576
561.png,log,0.6641036868095398
561.png,retinex,0.48541271686553955
561.png,hist_eq,0.6293664574623108
562.png,clahe,0.5797420144081116
562.png,gamma,0.6440311670303345
562.png,log,0.6796543598175049
562.png,retinex,0.567480206489563
562.png,hist_eq,0.6467306613922119
563.png,clahe,0.5715786218643188
563.png,gamma,0.6236681342124939
563.png,log,0.6773085594177246
563.png,retinex,0.5258510708808899
563.png,hist_eq,0.680818498134613
564.png,clahe,0.6207464337348938
564.png,gamma,0.6758819818496704
564.png,log,0.7016619443893433
564.png,retinex,0.5572872757911682
564.png,hist_eq,0.63072270154953
565.png,clahe,0.6772854328155518
565.png,gamma,0.7219708561897278
565.png,log,0.730764627456665
565.png,retinex,0.5159371495246887
565.png,hist_eq,0.6526190042495728
566.png,clahe,0.6654672622680664
566.png,gamma,0.7044774889945984
566.png,log,0.7585046887397766
566.png,retinex,0.5364324450492859
566.png,hist_eq,0.7082328200340271
567.png,clahe,0.6394914388656616
567.png,gamma,0.7007242441177368
567.png,log,0.7515418529510498
567.png,retinex,0.6302065253257751
567.png,hist_eq,0.6841418743133545
568.png,clahe,0.5035437941551208
568.png,gamma,0.5713434219360352
568.png,log,0.6268998384475708
568.png,retinex,0.5129966139793396
568.png,hist_eq,0.6271606087684631
569.png,clahe,0.5110664963722229
569.png,gamma,0.5758157968521118
569.png,log,0.614626944065094
569.png,retinex,0.5086551308631897
569.png,hist_eq,0.63704514503479
57.png,clahe,0.5469373464584351
57.png,gamma,0.5715989470481873
57.png,log,0.6147744059562683
57.png,retinex,0.5771418809890747
57.png,hist_eq,0.5724459290504456
570.png,clahe,0.5187106728553772
570.png,gamma,0.6158940196037292
570.png,log,0.6067506074905396
570.png,retinex,0.5145877599716187
570.png,hist_eq,0.4674661457538605
571.png,clahe,0.5535442233085632
571.png,gamma,0.6470713019371033
571.png,log,0.6680174469947815
571.png,retinex,0.5174992084503174
571.png,hist_eq,0.5816370248794556
572.png,clahe,0.5302165746688843
572.png,gamma,0.6291442513465881
572.png,log,0.6862258911132812
572.png,retinex,0.5535866022109985
572.png,hist_eq,0.5587067604064941
573.png,clahe,0.4705061614513397
573.png,gamma,0.4816668927669525
573.png,log,0.543043851852417
573.png,retinex,0.5143221616744995
573.png,hist_eq,0.5126282572746277
574.png,clahe,0.4653993546962738
574.png,gamma,0.46969345211982727
574.png,log,0.5230823159217834
574.png,retinex,0.4638984203338623
574.png,hist_eq,0.5549288988113403
575.png,clahe,0.44995927810668945
575.png,gamma,0.4583865702152252
575.png,log,0.44700175523757935
575.png,retinex,0.4750625491142273
575.png,hist_eq,0.5171284079551697
576.png,clahe,0.4832216203212738
576.png,gamma,0.49767783284187317
576.png,log,0.4505487084388733
576.png,retinex,0.40918922424316406
576.png,hist_eq,0.4528239369392395
578.png,clahe,0.4924479126930237
578.png,gamma,0.5990052819252014
578.png,log,0.637939453125
578.png,retinex,0.4955021142959595
578.png,hist_eq,0.6281884908676147
579.png,clahe,0.4243476986885071
579.png,gamma,0.4625868499279022
579.png,log,0.620418131351471
579.png,retinex,0.48041868209838867
579.png,hist_eq,0.6376413702964783
58.png,clahe,0.49675947427749634
58.png,gamma,0.5892732739448547
58.png,log,0.6057157516479492
58.png,retinex,0.527116596698761
58.png,hist_eq,0.6058983206748962
580.png,clahe,0.4317210614681244
580.png,gamma,0.4672797620296478
580.png,log,0.5375909805297852
580.png,retinex,0.4790957272052765
580.png,hist_eq,0.6345736384391785
583.png,clahe,0.37315475940704346
583.png,gamma,0.47110798954963684
583.png,log,0.5182011723518372
583.png,retinex,0.4472777843475342
583.png,hist_eq,0.5162915587425232
585.png,clahe,0.4906853437423706
585.png,gamma,0.5482998490333557
585.png,log,0.5479346513748169
585.png,retinex,0.490892231464386
585.png,hist_eq,0.5710998177528381
586.png,clahe,0.5037438273429871
586.png,gamma,0.5610041618347168
586.png,log,0.5670745372772217
586.png,retinex,0.5096838474273682
586.png,hist_eq,0.5935418605804443
587.png,clahe,0.4778934717178345
587.png,gamma,0.5503026843070984
587.png,log,0.5371765494346619
587.png,retinex,0.5493707656860352
587.png,hist_eq,0.5848745107650757
588.png,clahe,0.5062590837478638
588.png,gamma,0.5403348803520203
588.png,log,0.5407398343086243
588.png,retinex,0.47107309103012085
588.png,hist_eq,0.5921016931533813
59.png,clahe,0.6895251274108887
59.png,gamma,0.6982995271682739
59.png,log,0.7157260179519653
59.png,retinex,0.5175351500511169
59.png,hist_eq,0.7233907580375671
590.png,clahe,0.6671849489212036
590.png,gamma,0.6111418008804321
590.png,log,0.6255093812942505
590.png,retinex,0.4836812913417816
590.png,hist_eq,0.6352526545524597
591.png,clahe,0.6703187823295593
591.png,gamma,0.6018885970115662
591.png,log,0.6161926984786987
591.png,retinex,0.48716801404953003
591.png,hist_eq,0.6354769468307495
592.png,clahe,0.5420613884925842
592.png,gamma,0.5260586738586426
592.png,log,0.5608505606651306
592.png,retinex,0.44145381450653076
592.png,hist_eq,0.5004227161407471
593.png,clahe,0.5935998558998108
593.png,gamma,0.5638555288314819
593.png,log,0.6404507160186768
593.png,retinex,0.38044822216033936
593.png,hist_eq,0.45697247982025146
594.png,clahe,0.4948703646659851
594.png,gamma,0.544731855392456
594.png,log,0.5329208374023438
594.png,retinex,0.5966794490814209
594.png,hist_eq,0.4128061532974243
595.png,clahe,0.5324711799621582
595.png,gamma,0.5770056843757629
595.png,log,0.5600787997245789
595.png,retinex,0.6119410395622253
595.png,hist_eq,0.42840248346328735
596.png,clahe,0.39602482318878174
596.png,gamma,0.4192694127559662
596.png,log,0.4071149528026581
596.png,retinex,0.3832341134548187
596.png,hist_eq,0.2538830637931824
597.png,clahe,0.40116578340530396
597.png,gamma,0.4022522270679474
597.png,log,0.4217674136161804
597.png,retinex,0.4143000543117523
597.png,hist_eq,0.2667853832244873
598.png,clahe,0.578472375869751
598.png,gamma,0.6137427091598511
598.png,log,0.6449764966964722
598.png,retinex,0.5809574127197266
598.png,hist_eq,0.6162186861038208
6.png,clahe,0.5772475004196167
6.png,gamma,0.6001906394958496
6.png,log,0.6725978255271912
6.png,retinex,0.529046893119812
6.png,hist_eq,0.6273514628410339
60.png,clahe,0.6686935424804688
60.png,gamma,0.6798520088195801
60.png,log,0.7132024168968201
60.png,retinex,0.5267664194107056
60.png,hist_eq,0.7038101553916931
600.png,clahe,0.503236711025238
600.png,gamma,0.5780218243598938
600.png,log,0.6619141101837158
600.png,retinex,0.5676079988479614
600.png,hist_eq,0.6158971786499023
601.png,clahe,0.4676978588104248
601.png,gamma,0.5897733569145203
601.png,log,0.6382275819778442
601.png,retinex,0.5029956698417664
601.png,hist_eq,0.6024106740951538
604.png,clahe,0.46148815751075745
604.png,gamma,0.5214968919754028
604.png,log,0.5815834403038025
604.png,retinex,0.5175782442092896
604.png,hist_eq,0.5864659547805786
605.png,clahe,0.4342220723628998
605.png,gamma,0.5252023339271545
605.png,log,0.5363653302192688
605.png,retinex,0.4509612023830414
605.png,hist_eq,0.6132234334945679
606.png,clahe,0.4417564868927002
606.png,gamma,0.5662757158279419
606.png,log,0.6337571740150452
606.png,retinex,0.5584737062454224
606.png,hist_eq,0.5984426140785217
607.png,clahe,0.4598236382007599
607.png,gamma,0.5546563267707825
607.png,log,0.5999869704246521
607.png,retinex,0.5431510806083679
607.png,hist_eq,0.5650709271430969
608.png,clahe,0.4299444556236267
608.png,gamma,0.4891205132007599
608.png,log,0.6225682497024536
608.png,retinex,0.593224823474884
608.png,hist_eq,0.6370193362236023
609.png,clahe,0.4286518692970276
609.png,gamma,0.49353137612342834
609.png,log,0.6135158538818359
609.png,retinex,0.6160250902175903
609.png,hist_eq,0.623453676700592
61.png,clahe,0.3311387598514557
61.png,gamma,0.4394243061542511
61.png,log,0.47250381112098694
61.png,retinex,0.3697403371334076
61.png,hist_eq,0.6019806861877441
610.png,clahe,0.45506685972213745
610.png,gamma,0.42702263593673706
610.png,log,0.5089623928070068
610.png,retinex,0.409904807806015
610.png,hist_eq,0.494552344083786
611.png,clahe,0.44800785183906555
611.png,gamma,0.4501837491989136
611.png,log,0.4852847754955292
611.png,retinex,0.3378961980342865
611.png,hist_eq,0.5510650873184204
612.png,clahe,0.43713676929473877
612.png,gamma,0.58186936378479
612.png,log,0.6425560712814331
612.png,retinex,0.37211763858795166
612.png,hist_eq,0.564251184463501
613.png,clahe,0.4382638931274414
613.png,gamma,0.5626590251922607
613.png,log,0.6327500939369202
613.png,retinex,0.36426857113838196
613.png,hist_eq,0.5391047596931458
614.png,clahe,0.44026902318000793
614.png,gamma,0.5079765319824219
614.png,log,0.5101399421691895
614.png,retinex,0.46365293860435486
614.png,hist_eq,0.5443704128265381
615.png,clahe,0.4562865197658539
615.png,gamma,0.48240670561790466
615.png,log,0.4764178991317749
615.png,retinex,0.4771287441253662
615.png,hist_eq,0.4934738874435425
616.png,clahe,0.41538625955581665
616.png,gamma,0.4621252417564392
616.png,log,0.5659688711166382
616.png,retinex,0.4709297716617584
616.png,hist_eq,0.4407177269458771
617.png,clahe,0.3705625534057617
617.png,gamma,0.4276399314403534
617.png,log,0.5394999980926514
617.png,retinex,0.5083805918693542
617.png,hist_eq,0.43662509322166443
62.png,clahe,0.38241347670555115
62.png,gamma,0.4257129430770874
62.png,log,0.4704771637916565
62.png,retinex,0.3614833950996399
62.png,hist_eq,0.5507529377937317
620.png,clahe,0.4601244628429413
620.png,gamma,0.5505304336547852
620.png,log,0.6209094524383545
620.png,retinex,0.4230678379535675
620.png,hist_eq,0.6378553509712219
621.png,clahe,0.45851871371269226
621.png,gamma,0.5579266548156738
621.png,log,0.5979323387145996
621.png,retinex,0.4147048592567444
621.png,hist_eq,0.6227457523345947
622.png,clahe,0.43935781717300415
622.png,gamma,0.47512370347976685
622.png,log,0.4902501702308655
622.png,retinex,0.41616925597190857
622.png,hist_eq,0.41275298595428467
623.png,clahe,0.46049028635025024
623.png,gamma,0.4825519919395447
623.png,log,0.4851154088973999
623.png,retinex,0.3722103238105774
623.png,hist_eq,0.42680448293685913
624.png,clahe,0.46415504813194275
624.png,gamma,0.5184561610221863
624.png,log,0.6054571866989136
624.png,retinex,0.45907849073410034
624.png,hist_eq,0.5759874582290649
625.png,clahe,0.508381724357605
625.png,gamma,0.5564330220222473
625.png,log,0.639499306678772
625.png,retinex,0.4943802058696747
625.png,hist_eq,0.6193662881851196
626.png,clahe,0.5112738609313965
626.png,gamma,0.532294750213623
626.png,log,0.6036557555198669
626.png,retinex,0.3762750029563904
626.png,hist_eq,0.5988246202468872
627.png,clahe,0.4936147630214691
627.png,gamma,0.5395981073379517
627.png,log,0.5855555534362793
627.png,retinex,0.40455037355422974
627.png,hist_eq,0.5927409529685974
628.png,clahe,0.4876288175582886
628.png,gamma,0.5500156879425049
628.png,log,0.5804607272148132
628.png,retinex,0.5156866312026978
628.png,hist_eq,0.6041471362113953
629.png,clahe,0.5287429690361023
629.png,gamma,0.5333777666091919
629.png,log,0.6436065435409546
629.png,retinex,0.39131641387939453
629.png,hist_eq,0.5876688361167908
63.png,clahe,0.4559614658355713
63.png,gamma,0.5993072390556335
63.png,log,0.6442692279815674
63.png,retinex,0.5769850015640259
63.png,hist_eq,0.6473168134689331
630.png,clahe,0.48444512486457825
630.png,gamma,0.4695834219455719
630.png,log,0.5970683693885803
630.png,retinex,0.45554840564727783
630.png,hist_eq,0.5699104070663452
633.png,clahe,0.523683488368988
633.png,gamma,0.545502781867981
633.png,log,0.6155009269714355
633.png,retinex,0.50899738073349
633.png,hist_eq,0.6154242753982544
634.png,clahe,0.5327755212783813
634.png,gamma,0.5198701024055481
634.png,log,0.5986855030059814
634.png,retinex,0.49385866522789
634.png,hist_eq,0.6044716835021973
637.png,clahe,0.44056516885757446
637.png,gamma,0.4266638159751892
637.png,log,0.4949755072593689
637.png,retinex,0.5308866500854492
637.png,hist_eq,0.4603417217731476
638.png,clahe,0.42949220538139343
638.png,gamma,0.4010993540287018
638.png,log,0.49642235040664673
638.png,retinex,0.5449517965316772
638.png,hist_eq,0.4792756736278534
639.png,clahe,0.32707148790359497
639.png,gamma,0.3414566218852997
639.png,log,0.41612154245376587
639.png,retinex,0.4855329692363739
639.png,hist_eq,0.38491690158843994
64.png,clahe,0.41187530755996704
64.png,gamma,0.5927695035934448
64.png,log,0.6416375041007996
64.png,retinex,0.6114508509635925
64.png,hist_eq,0.6187005639076233
640.png,clahe,0.36370229721069336
640.png,gamma,0.3901263475418091
640.png,log,0.4877486824989319
640.png,retinex,0.3773120939731598
640.png,hist_eq,0.43876826763153076
641.png,clahe,0.4711907207965851
641.png,gamma,0.5574997067451477
641.png,log,0.6110837459564209
641.png,retinex,0.4824664890766144
641.png,hist_eq,0.5947539806365967
642.png,clahe,0.4587332308292389
642.png,gamma,0.5361279249191284
642.png,log,0.6064993739128113
642.png,retinex,0.5536872148513794
642.png,hist_eq,0.5827199220657349
643.png,clahe,0.70931476354599
643.png,gamma,0.5814588069915771
643.png,log,0.5957516431808472
643.png,retinex,0.5964634418487549
643.png,hist_eq,0.6457844376564026
644.png,clahe,0.7243979573249817
644.png,gamma,0.5831505060195923
644.png,log,0.5992788076400757
644.png,retinex,0.6246616840362549
644.png,hist_eq,0.6593479514122009
645.png,clahe,0.4841914474964142
645.png,gamma,0.5747286081314087
645.png,log,0.6326902508735657
645.png,retinex,0.4431918263435364
645.png,hist_eq,0.578926682472229
646.png,clahe,0.5262728929519653
646.png,gamma,0.5986930727958679
646.png,log,0.6537536382675171
646.png,retinex,0.4967553913593292
646.png,hist_eq,0.6054883599281311
647.png,clahe,0.31982842087745667
647.png,gamma,0.3537420630455017
647.png,log,0.4126794636249542
647.png,retinex,0.39792585372924805
647.png,hist_eq,0.282409131526947
648.png,clahe,0.2516850531101227
648.png,gamma,0.21446382999420166
648.png,log,0.24946294724941254
648.png,retinex,0.3571947515010834
648.png,hist_eq,0.1761486679315567
649.png,clahe,0.299183189868927
649.png,gamma,0.2450038492679596
649.png,log,0.26591360569000244
649.png,retinex,0.3246408998966217
649.png,hist_eq,0.21157078444957733
650.png,clahe,0.44021567702293396
650.png,gamma,0.4692055583000183
650.png,log,0.5562725067138672
650.png,retinex,0.5379581451416016
650.png,hist_eq,0.502757728099823
651.png,clahe,0.43171894550323486
651.png,gamma,0.47257861495018005
651.png,log,0.5269967913627625
651.png,retinex,0.4511241018772125
651.png,hist_eq,0.4824807941913605
653.png,clahe,0.22100357711315155
653.png,gamma,0.26133644580841064
653.png,log,0.3476772904396057
653.png,retinex,0.29310622811317444
653.png,hist_eq,0.2238045185804367
654.png,clahe,0.4415864646434784
654.png,gamma,0.4714784622192383
654.png,log,0.5439181327819824
654.png,retinex,0.41663694381713867
654.png,hist_eq,0.4937189519405365
655.png,clahe,0.47659704089164734
655.png,gamma,0.4627056121826172
655.png,log,0.5526467561721802
655.png,retinex,0.4982299506664276
655.png,hist_eq,0.5054569244384766
658.png,clahe,0.43747472763061523
658.png,gamma,0.48148977756500244
658.png,log,0.5295347571372986
658.png,retinex,0.47510990500450134
658.png,hist_eq,0.5318308472633362
659.png,clahe,0.4291646182537079
659.png,gamma,0.47829753160476685
659.png,log,0.5212638974189758
659.png,retinex,0.44341686367988586
659.png,hist_eq,0.508691132068634
660.png,clahe,0.437539279460907
660.png,gamma,0.5032939314842224
660.png,log,0.5912895798683167
660.png,retinex,0.4707643985748291
660.png,hist_eq,0.5694800019264221
661.png,clahe,0.425711065530777
661.png,gamma,0.5283779501914978
661.png,log,0.5686464905738831
661.png,retinex,0.6119441986083984
661.png,hist_eq,0.5591849684715271
662.png,clahe,0.42423540353775024
662.png,gamma,0.46580129861831665
662.png,log,0.49434828758239746
662.png,retinex,0.40470778942108154
662.png,hist_eq,0.3955814838409424
663.png,clahe,0.4349834620952606
663.png,gamma,0.48840397596359253
663.png,log,0.4842410087585449
663.png,retinex,0.5127626061439514
663.png,hist_eq,0.4525085389614105
664.png,clahe,0.4664233326911926
664.png,gamma,0.4709884822368622
664.png,log,0.5514770150184631
664.png,retinex,0.4202865660190582
664.png,hist_eq,0.48546725511550903
666.png,clahe,0.5956230163574219
666.png,gamma,0.7276507019996643
666.png,log,0.7177649736404419
666.png,retinex,0.5218856930732727
666.png,hist_eq,0.7167528867721558
667.png,clahe,0.6194690465927124
667.png,gamma,0.7044145464897156
667.png,log,0.7246749401092529
667.png,retinex,0.5007672309875488
667.png,hist_eq,0.6983864903450012
668.png,clahe,0.6337558627128601
668.png,gamma,0.6817052364349365
668.png,log,0.7261766791343689
668.png,retinex,0.43598079681396484
668.png,hist_eq,0.6303672194480896
67.png,clahe,0.47929805517196655
67.png,gamma,0.49956944584846497
67.png,log,0.6159777641296387
67.png,retinex,0.505118191242218
67.png,hist_eq,0.5027101039886475
670.png,clahe,0.39339593052864075
670.png,gamma,0.4578356444835663
670.png,log,0.4566645920276642
670.png,retinex,0.522724449634552
670.png,hist_eq,0.46951526403427124
671.png,clahe,0.33908453583717346
671.png,gamma,0.44532784819602966
671.png,log,0.4097844064235687
671.png,retinex,0.3780491054058075
671.png,hist_eq,0.49692898988723755
674.png,clahe,0.560181736946106
674.png,gamma,0.5605181455612183
674.png,log,0.5898024439811707
674.png,retinex,0.3721069395542145
674.png,hist_eq,0.6668824553489685
675.png,clahe,0.5654058456420898
675.png,gamma,0.5460363626480103
675.png,log,0.5871021151542664
675.png,retinex,0.39902904629707336
675.png,hist_eq,0.6405859589576721
676.png,clahe,0.6620562672615051
676.png,gamma,0.6877123713493347
676.png,log,0.6722957491874695
676.png,retinex,0.5476455092430115
676.png,hist_eq,0.6839786171913147
677.png,clahe,0.644023060798645
677.png,gamma,0.6708555817604065
677.png,log,0.6292421221733093
677.png,retinex,0.5298889875411987
677.png,hist_eq,0.6756160259246826
678.png,clahe,0.506996214389801
678.png,gamma,0.5946059226989746
678.png,log,0.5952329039573669
678.png,retinex,0.5303911566734314
678.png,hist_eq,0.603387176990509
679.png,clahe,0.5082004070281982
679.png,gamma,0.5666881799697876
679.png,log,0.5918315052986145
679.png,retinex,0.514369547367096
679.png,hist_eq,0.620459258556366
68.png,clahe,0.47965455055236816
68.png,gamma,0.5030577182769775
68.png,log,0.5672973394393921
68.png,retinex,0.4726784825325012
68.png,hist_eq,0.4833209812641144
680.png,clahe,0.4898107051849365
680.png,gamma,0.5557931065559387
680.png,log,0.620269238948822
680.png,retinex,0.3599637746810913
680.png,hist_eq,0.639667272567749
681.png,clahe,0.46461620926856995
681.png,gamma,0.5462216734886169
681.png,log,0.6098904609680176
681.png,retinex,0.38945016264915466
681.png,hist_eq,0.6205935478210449
682.png,clahe,0.3811351954936981
682.png,gamma,0.4872768819332123
682.png,log,0.5131312012672424
682.png,retinex,0.48438605666160583
682.png,hist_eq,0.4758032560348511
683.png,clahe,0.35287487506866455
683.png,gamma,0.4712196886539459
683.png,log,0.4432786703109741
683.png,retinex,0.4021914601325989
683.png,hist_eq,0.5287895798683167
684.png,clahe,0.4964044690132141
684.png,gamma,0.546658992767334
684.png,log,0.6060793399810791
684.png,retinex,0.5259960889816284
684.png,hist_eq,0.5682295560836792
685.png,clahe,0.510087788105011
685.png,gamma,0.5505236387252808
685.png,log,0.6385179162025452
685.png,retinex,0.4393994212150574
685.png,hist_eq,0.5925850868225098
686.png,clahe,0.39862680435180664
686.png,gamma,0.41224798560142517
686.png,log,0.3731079399585724
686.png,retinex,0.4068799316883087
686.png,hist_eq,0.48429790139198303
687.png,clahe,0.3688966929912567
687.png,gamma,0.3944724500179291
687.png,log,0.366447389125824
687.png,retinex,0.4704391360282898
687.png,hist_eq,0.44900214672088623
688.png,clahe,0.4362373650074005
688.png,gamma,0.5091964602470398
688.png,log,0.4443695545196533
688.png,retinex,0.43397659063339233
688.png,hist_eq,0.5447614192962646
689.png,clahe,0.4448172152042389
689.png,gamma,0.5110505819320679
689.png,log,0.44555801153182983
689.png,retinex,0.4405035674571991
689.png,hist_eq,0.5631933212280273
69.png,clahe,0.53289395570755
69.png,gamma,0.6138975024223328
69.png,log,0.7291082143783569
69.png,retinex,0.5407801270484924
69.png,hist_eq,0.6519724726676941
690.png,clahe,0.5606024861335754
690.png,gamma,0.6304721236228943
690.png,log,0.605140209197998
690.png,retinex,0.5436588525772095
690.png,hist_eq,0.7009837627410889
691.png,clahe,0.5462898015975952
691.png,gamma,0.6267561912536621
691.png,log,0.5926327705383301
691.png,retinex,0.534769594669342
691.png,hist_eq,0.6597217917442322
692.png,clahe,0.524804949760437
692.png,gamma,0.6109232306480408
692.png,log,0.6222331523895264
692.png,retinex,0.47333675622940063
692.png,hist_eq,0.682715654373169
693.png,clahe,0.5375452041625977
693.png,gamma,0.6005814075469971
693.png,log,0.632220983505249
693.png,retinex,0.41367512941360474
693.png,hist_eq,0.6942148208618164
694.png,clahe,0.4164382815361023
694.png,gamma,0.47638270258903503
694.png,log,0.5645114183425903
694.png,retinex,0.6666173934936523
694.png,hist_eq,0.5435386300086975
695.png,clahe,0.4408641755580902
695.png,gamma,0.48575475811958313
695.png,log,0.5641486644744873
695.png,retinex,0.634867250919342
695.png,hist_eq,0.556355357170105
696.png,clahe,0.3904440701007843
696.png,gamma,0.45874273777008057
696.png,log,0.4301389753818512
696.png,retinex,0.5069987773895264
696.png,hist_eq,0.45981934666633606
697.png,clahe,0.41633933782577515
697.png,gamma,0.4772319793701172
697.png,log,0.42536744475364685
697.png,retinex,0.48883554339408875
697.png,hist_eq,0.5168495774269104
698.png,clahe,0.347090482711792
698.png,gamma,0.3396502733230591
698.png,log,0.3182421922683716
698.png,retinex,0.3963567912578583
698.png,hist_eq,0.41874730587005615
699.png,clahe,0.3652328848838806
699.png,gamma,0.4031945765018463
699.png,log,0.3443872332572937
699.png,retinex,0.4481571316719055
699.png,hist_eq,0.38254302740097046
70.png,clahe,0.47079598903656006
70.png,gamma,0.6467755436897278
70.png,log,0.725516676902771
70.png,retinex,0.5577337741851807
70.png,hist_eq,0.6771348714828491
700.png,clahe,0.4781264066696167
700.png,gamma,0.5536900758743286
700.png,log,0.501227617263794
700.png,retinex,0.4785110056400299
700.png,hist_eq,0.5414088368415833
701.png,clahe,0.4618944227695465
701.png,gamma,0.5415347814559937
701.png,log,0.4954310655593872
701.png,retinex,0.4756215214729309
701.png,hist_eq,0.5486193895339966
702.png,clahe,0.42035746574401855
702.png,gamma,0.4752143323421478
702.png,log,0.5431287884712219
702.png,retinex,0.39006033539772034
702.png,hist_eq,0.4259544909000397
703.png,clahe,0.46506598591804504
703.png,gamma,0.5522494316101074
703.png,log,0.5544697642326355
703.png,retinex,0.3816124200820923
703.png,hist_eq,0.46138128638267517
704.png,clahe,0.4172014594078064
704.png,gamma,0.504447340965271
704.png,log,0.5590843558311462
704.png,retinex,0.3386441767215729
704.png,hist_eq,0.46672263741493225
708.png,clahe,0.5089786052703857
708.png,gamma,0.5941647291183472
708.png,log,0.6125614047050476
708.png,retinex,0.6332120299339294
708.png,hist_eq,0.6813854575157166
709.png,clahe,0.5114437341690063
709.png,gamma,0.610821008682251
709.png,log,0.6149467825889587
709.png,retinex,0.6266254782676697
709.png,hist_eq,0.6820489168167114
710.png,clahe,0.46221986413002014
710.png,gamma,0.5219668745994568
710.png,log,0.5669630765914917
710.png,retinex,0.379675030708313
710.png,hist_eq,0.5673549771308899
711.png,clahe,0.4356651306152344
711.png,gamma,0.5326753854751587
711.png,log,0.547958493232727
711.png,retinex,0.39784154295921326
711.png,hist_eq,0.5904042720794678
712.png,clahe,0.5243030786514282
712.png,gamma,0.575928807258606
712.png,log,0.5464491248130798
712.png,retinex,0.5618074536323547
712.png,hist_eq,0.6263349056243896
713.png,clahe,0.5103568434715271
713.png,gamma,0.5937755703926086
713.png,log,0.5582232475280762
713.png,retinex,0.5686066746711731
713.png,hist_eq,0.6158820986747742
714.png,clahe,0.538030207157135
714.png,gamma,0.5644935369491577
714.png,log,0.6142796874046326
714.png,retinex,0.44344624876976013
714.png,hist_eq,0.6319419741630554
715.png,clahe,0.5589466094970703
715.png,gamma,0.5663422346115112
715.png,log,0.5929863452911377
715.png,retinex,0.5245364308357239
715.png,hist_eq,0.6313412189483643
716.png,clahe,0.5433412790298462
716.png,gamma,0.5901544690132141
716.png,log,0.5948165059089661
716.png,retinex,0.4625714421272278
716.png,hist_eq,0.5652745962142944
717.png,clahe,0.35099557042121887
717.png,gamma,0.44399213790893555
717.png,log,0.4773304760456085
717.png,retinex,0.3503866493701935
717.png,hist_eq,0.3702838718891144
718.png,clahe,0.6042062044143677
718.png,gamma,0.6486352682113647
718.png,log,0.6444941163063049
718.png,retinex,0.5706148147583008
718.png,hist_eq,0.6187163591384888
719.png,clahe,0.5834379196166992
719.png,gamma,0.635047197341919
719.png,log,0.6280978322029114
719.png,retinex,0.5921503305435181
719.png,hist_eq,0.6109239459037781
720.png,clahe,0.4304748773574829
720.png,gamma,0.47330012917518616
720.png,log,0.5588135123252869
720.png,retinex,0.5042802691459656
720.png,hist_eq,0.5978881120681763
721.png,clahe,0.45883694291114807
721.png,gamma,0.4930112063884735
721.png,log,0.5528476238250732
721.png,retinex,0.5358985662460327
721.png,hist_eq,0.5872396230697632
722.png,clahe,0.5879308581352234
722.png,gamma,0.633959949016571
722.png,log,0.6207621693611145
722.png,retinex,0.4597032964229584
722.png,hist_eq,0.5926992893218994
723.png,clahe,0.5878106951713562
723.png,gamma,0.5939966440200806
723.png,log,0.5985156893730164
723.png,retinex,0.42138880491256714
723.png,hist_eq,0.5715435743331909
724.png,clahe,0.4663130044937134
724.png,gamma,0.4880722761154175
724.png,log,0.5003588199615479
724.png,retinex,0.40613582730293274
724.png,hist_eq,0.406753808259964
725.png,clahe,0.4839790165424347
725.png,gamma,0.46578851342201233
725.png,log,0.5018281936645508
725.png,retinex,0.35401421785354614
725.png,hist_eq,0.4405505955219269
726.png,clahe,0.42907145619392395
726.png,gamma,0.34169960021972656
726.png,log,0.5406287908554077
726.png,retinex,0.37239107489585876
726.png,hist_eq,0.3633924722671509
727.png,clahe,0.4515603184700012
727.png,gamma,0.3948197066783905
727.png,log,0.5642707943916321
727.png,retinex,0.3241576850414276
727.png,hist_eq,0.42227664589881897
728.png,clahe,0.4395753741264343
728.png,gamma,0.3687891960144043
728.png,log,0.567839503288269
728.png,retinex,0.2996748983860016
728.png,hist_eq,0.38879501819610596
729.png,clahe,0.5834497213363647
729.png,gamma,0.6652482748031616
729.png,log,0.6627271771430969
729.png,retinex,0.4975862503051758
729.png,hist_eq,0.6636250615119934
73.png,clahe,0.4883091151714325
73.png,gamma,0.5633516907691956
73.png,log,0.6562885642051697
73.png,retinex,0.5066806077957153
73.png,hist_eq,0.6454938054084778
730.png,clahe,0.6394772529602051
730.png,gamma,0.6817290782928467
730.png,log,0.692623496055603
730.png,retinex,0.46988797187805176
730.png,hist_eq,0.6413328647613525
731.png,clahe,0.6058339476585388
731.png,gamma,0.6413170695304871
731.png,log,0.7187535166740417
731.png,retinex,0.4715965688228607
731.png,hist_eq,0.6800869107246399
732.png,clahe,0.6000640988349915
732.png,gamma,0.6676976680755615
732.png,log,0.7012770771980286
732.png,retinex,0.507159948348999
732.png,hist_eq,0.6823462247848511
733.png,clahe,0.6208827495574951
733.png,gamma,0.6242685317993164
733.png,log,0.7040236592292786
733.png,retinex,0.3903208374977112
733.png,hist_eq,0.6003679633140564
734.png,clahe,0.6167566180229187
734.png,gamma,0.6246824264526367
734.png,log,0.7088162302970886
734.png,retinex,0.41724830865859985
734.png,hist_eq,0.6204448342323303
735.png,clahe,0.5382252931594849
735.png,gamma,0.569275438785553
735.png,log,0.5740177631378174
735.png,retinex,0.4456419348716736
735.png,hist_eq,0.510099470615387
736.png,clahe,0.5722629427909851
736.png,gamma,0.6013116836547852
736.png,log,0.6054739952087402
736.png,retinex,0.38940683007240295
736.png,hist_eq,0.5462294816970825
737.png,clahe,0.5577309727668762
737.png,gamma,0.6173220872879028
737.png,log,0.7022650837898254
737.png,retinex,0.49539387226104736
737.png,hist_eq,0.5005412101745605
738.png,clahe,0.5408317446708679
738.png,gamma,0.6053338646888733
738.png,log,0.7053205966949463
738.png,retinex,0.49283456802368164
738.png,hist_eq,0.5009613037109375
739.png,clahe,0.37180328369140625
739.png,gamma,0.4285942018032074
739.png,log,0.49139130115509033
739.png,retinex,0.45644766092300415
739.png,hist_eq,0.5304094552993774
74.png,clahe,0.44772791862487793
74.png,gamma,0.4893192648887634
74.png,log,0.6404423713684082
74.png,retinex,0.6280984878540039
74.png,hist_eq,0.5844627022743225
740.png,clahe,0.3439887762069702
740.png,gamma,0.45789915323257446
740.png,log,0.5188487768173218
740.png,retinex,0.4382467567920685
740.png,hist_eq,0.48755428194999695
741.png,clahe,0.5350205898284912
741.png,gamma,0.5707568526268005
741.png,log,0.5428503155708313
741.png,retinex,0.5103411078453064
741.png,hist_eq,0.5553033351898193
743.png,clahe,0.5101621150970459
743.png,gamma,0.6008474826812744
743.png,log,0.5325447916984558
743.png,retinex,0.5205518007278442
743.png,hist_eq,0.5128531455993652
744.png,clahe,0.5279649496078491
744.png,gamma,0.5966984629631042
744.png,log,0.5110951066017151
744.png,retinex,0.5369747877120972
744.png,hist_eq,0.5221986174583435
745.png,clahe,0.4985082149505615
745.png,gamma,0.6078613996505737
745.png,log,0.6026977300643921
745.png,retinex,0.4488900601863861
745.png,hist_eq,0.6073957681655884
746.png,clahe,0.5364238619804382
746.png,gamma,0.5988717675209045
746.png,log,0.5928804874420166
746.png,retinex,0.45681867003440857
746.png,hist_eq,0.5705196857452393
747.png,clahe,0.39957043528556824
747.png,gamma,0.5234365463256836
747.png,log,0.4986307919025421
747.png,retinex,0.5225540995597839
747.png,hist_eq,0.5745551586151123
75.png,clahe,0.38537782430648804
75.png,gamma,0.48543626070022583
75.png,log,0.5023462772369385
75.png,retinex,0.43677711486816406
75.png,hist_eq,0.5588271617889404
750.png,clahe,0.4855782687664032
750.png,gamma,0.6357553005218506
750.png,log,0.6065330505371094
750.png,retinex,0.4593624770641327
750.png,hist_eq,0.5814267992973328
751.png,clahe,0.4392523467540741
751.png,gamma,0.633672833442688
751.png,log,0.6504687666893005
751.png,retinex,0.486774206161499
751.png,hist_eq,0.6299535632133484
752.png,clahe,0.3819502592086792
752.png,gamma,0.5880572199821472
752.png,log,0.6311375498771667
752.png,retinex,0.43301257491111755
752.png,hist_eq,0.6191816926002502
757.png,clahe,0.35011038184165955
757.png,gamma,0.4249436855316162
757.png,log,0.40655431151390076
757.png,retinex,0.3526207208633423
757.png,hist_eq,0.40394315123558044
758.png,clahe,0.35189005732536316
758.png,gamma,0.36082857847213745
758.png,log,0.3600753843784332
758.png,retinex,0.34818029403686523
758.png,hist_eq,0.3442365527153015
759.png,clahe,0.610458493232727
759.png,gamma,0.6239432096481323
759.png,log,0.6183486580848694
759.png,retinex,0.5698458552360535
759.png,hist_eq,0.6994795799255371
76.png,clahe,0.42918193340301514
76.png,gamma,0.5260710120201111
76.png,log,0.555791974067688
76.png,retinex,0.46110305190086365
76.png,hist_eq,0.5732340216636658
760.png,clahe,0.6210741996765137
760.png,gamma,0.6420233845710754
760.png,log,0.6257374286651611
760.png,retinex,0.5514730215072632
760.png,hist_eq,0.7086625099182129
761.png,clahe,0.7137789130210876
761.png,gamma,0.7311245799064636
761.png,log,0.7504848837852478
761.png,retinex,0.6955153346061707
761.png,hist_eq,0.7377139329910278
762.png,clahe,0.6845626831054688
762.png,gamma,0.7219773530960083
762.png,log,0.7488905191421509
762.png,retinex,0.6487236618995667
762.png,hist_eq,0.7579865455627441
763.png,clahe,0.4294924736022949
763.png,gamma,0.5500898361206055
763.png,log,0.6128687262535095
763.png,retinex,0.554569661617279
763.png,hist_eq,0.37560179829597473
764.png,clahe,0.4758148789405823
764.png,gamma,0.5469208359718323
764.png,log,0.5811522006988525
764.png,retinex,0.4532301723957062
764.png,hist_eq,0.3610168695449829
765.png,clahe,0.61604905128479
765.png,gamma,0.6464009284973145
765.png,log,0.6476112604141235
765.png,retinex,0.4443013072013855
765.png,hist_eq,0.6090425252914429
766.png,clahe,0.6359822750091553
766.png,gamma,0.6514904499053955
766.png,log,0.6591718792915344
766.png,retinex,0.38394781947135925
766.png,hist_eq,0.6403855085372925
769.png,clahe,0.44540324807167053
769.png,gamma,0.4728046953678131
769.png,log,0.47533535957336426
769.png,retinex,0.4655042290687561
769.png,hist_eq,0.3971549868583679
77.png,clahe,0.5168776512145996
77.png,gamma,0.5768005847930908
77.png,log,0.6425222754478455
77.png,retinex,0.5383710861206055
77.png,hist_eq,0.6348546147346497
770.png,clahe,0.4589444398880005
770.png,gamma,0.4829375147819519
770.png,log,0.49680188298225403
770.png,retinex,0.4718858003616333
770.png,hist_eq,0.36751362681388855
771.png,clahe,0.5219138264656067
771.png,gamma,0.5639721155166626
771.png,log,0.5904332995414734
771.png,retinex,0.5484163165092468
771.png,hist_eq,0.6010855436325073
772.png,clahe,0.5229697823524475
772.png,gamma,0.555049479007721
772.png,log,0.5816600322723389
772.png,retinex,0.5432890057563782
772.png,hist_eq,0.581210196018219
773.png,clahe,0.4103434085845947
773.png,gamma,0.44057318568229675
773.png,log,0.41670602560043335
773.png,retinex,0.3183899521827698
773.png,hist_eq,0.2694205939769745
774.png,clahe,0.4552631676197052
774.png,gamma,0.46614280343055725
774.png,log,0.43734821677207947
774.png,retinex,0.42271265387535095
774.png,hist_eq,0.3069833517074585
775.png,clahe,0.6089436411857605
775.png,gamma,0.6500385403633118
775.png,log,0.6423641443252563
775.png,retinex,0.49315160512924194
775.png,hist_eq,0.6668689250946045
776.png,clahe,0.62552809715271
776.png,gamma,0.6793274879455566
776.png,log,0.6684938073158264
776.png,retinex,0.47355830669403076
776.png,hist_eq,0.680147111415863
777.png,clahe,0.5777736306190491
777.png,gamma,0.6426298022270203
777.png,log,0.6053184270858765
777.png,retinex,0.515338122844696
777.png,hist_eq,0.6173515915870667
779.png,clahe,0.5464949607849121
779.png,gamma,0.603229284286499
779.png,log,0.5980437397956848
779.png,retinex,0.5685746073722839
779.png,hist_eq,0.5885261297225952
78.png,clahe,0.5121088027954102
78.png,gamma,0.5987319946289062
78.png,log,0.6588935256004333
78.png,retinex,0.5160719752311707
78.png,hist_eq,0.6110714673995972
781.png,clahe,0.4155629873275757
781.png,gamma,0.45922109484672546
781.png,log,0.4718347191810608
781.png,retinex,0.4769384264945984
781.png,hist_eq,0.43772023916244507
782.png,clahe,0.4483087956905365
782.png,gamma,0.47752273082733154
782.png,log,0.5094031095504761
782.png,retinex,0.46311962604522705
782.png,hist_eq,0.49263885617256165
783.png,clahe,0.42415666580200195
783.png,gamma,0.4705151617527008
783.png,log,0.5049648880958557
783.png,retinex,0.48471832275390625
783.png,hist_eq,0.46710267663002014
784.png,clahe,0.3964272439479828
784.png,gamma,0.45319852232933044
784.png,log,0.492532342672348
784.png,retinex,0.5006036758422852
784.png,hist_eq,0.3630825877189636
785.png,clahe,0.39068377017974854
785.png,gamma,0.4189559817314148
785.png,log,0.45847323536872864
785.png,retinex,0.5028896331787109
785.png,hist_eq,0.34953147172927856
786.png,clahe,0.43177929520606995
786.png,gamma,0.42239293456077576
786.png,log,0.4573383629322052
786.png,retinex,0.4419425427913666
786.png,hist_eq,0.3784891664981842
787.png,clahe,0.32493913173675537
787.png,gamma,0.3872123062610626
787.png,log,0.4421723783016205
787.png,retinex,0.3431439697742462
787.png,hist_eq,0.3487265706062317
788.png,clahe,0.3061819076538086
788.png,gamma,0.2881823778152466
788.png,log,0.4022967517375946
788.png,retinex,0.3781042695045471
788.png,hist_eq,0.3466808497905731
789.png,clahe,0.2843731641769409
789.png,gamma,0.3790943920612335
789.png,log,0.42752698063850403
789.png,retinex,0.29658621549606323
789.png,hist_eq,0.2901705205440521
80.png,clahe,0.5378938913345337
80.png,gamma,0.5926716327667236
80.png,log,0.5481895208358765
80.png,retinex,0.451002299785614
80.png,hist_eq,0.6343026161193848
81.png,clahe,0.3822878301143646
81.png,gamma,0.47008371353149414
81.png,log,0.41014981269836426
81.png,retinex,0.451755166053772
81.png,hist_eq,0.43676045536994934
82.png,clahe,0.31877046823501587
82.png,gamma,0.4301104247570038
82.png,log,0.3871263265609741
82.png,retinex,0.45360690355300903
82.png,hist_eq,0.4337083399295807
83.png,clahe,0.6323340535163879
83.png,gamma,0.6439433097839355
83.png,log,0.6226760149002075
83.png,retinex,0.5706710815429688
83.png,hist_eq,0.6453205347061157
84.png,clahe,0.6270390152931213
84.png,gamma,0.650518000125885
84.png,log,0.6060397028923035
84.png,retinex,0.6377661228179932
84.png,hist_eq,0.6188767552375793
86.png,clahe,0.4140559136867523
86.png,gamma,0.48013800382614136
86.png,log,0.45064693689346313
86.png,retinex,0.4626077115535736
86.png,hist_eq,0.4284038841724396
87.png,clahe,0.32537105679512024
87.png,gamma,0.3397388458251953
87.png,log,0.3216676414012909
87.png,retinex,0.44938766956329346
87.png,hist_eq,0.45324769616127014
88.png,clahe,0.3355136811733246
88.png,gamma,0.32109981775283813
88.png,log,0.31661105155944824
88.png,retinex,0.48540550470352173
88.png,hist_eq,0.42101287841796875
89.png,clahe,0.26551878452301025
89.png,gamma,0.28482070565223694
89.png,log,0.29693132638931274
89.png,retinex,0.3127724826335907
89.png,hist_eq,0.3351922929286957
9.png,clahe,0.4526514708995819
9.png,gamma,0.49568215012550354
9.png,log,0.5569352507591248
9.png,retinex,0.48799172043800354
9.png,hist_eq,0.4865340292453766
91.png,clahe,0.6261893510818481
91.png,gamma,0.7053326964378357
91.png,log,0.7353487014770508
91.png,retinex,0.4955984055995941
91.png,hist_eq,0.7250143885612488
92.png,clahe,0.6484663486480713
92.png,gamma,0.7155528664588928
92.png,log,0.7324926257133484
92.png,retinex,0.49726516008377075
92.png,hist_eq,0.7309851050376892
93.png,clahe,0.3995702266693115
93.png,gamma,0.5262978076934814
93.png,log,0.5598031282424927
93.png,retinex,0.4362002909183502
93.png,hist_eq,0.597536563873291
94.png,clahe,0.4105815589427948
94.png,gamma,0.5563689470291138
94.png,log,0.5833466053009033
94.png,retinex,0.3863046169281006
94.png,hist_eq,0.5919227004051208
95.png,clahe,0.39846426248550415
95.png,gamma,0.5025534629821777
95.png,log,0.603225588798523
95.png,retinex,0.48492270708084106
95.png,hist_eq,0.614372730255127
96.png,clahe,0.37910449504852295
96.png,gamma,0.5072035193443298
96.png,log,0.6078941226005554
96.png,retinex,0.4067133069038391
96.png,hist_eq,0.5905636548995972
97.png,clahe,0.5170345902442932
97.png,gamma,0.48385849595069885
97.png,log,0.5186069011688232
97.png,retinex,0.341460257768631
97.png,hist_eq,0.5458928942680359
98.png,clahe,0.5119558572769165
98.png,gamma,0.5293498635292053
98.png,log,0.5790531635284424
98.png,retinex,0.5222429037094116
98.png,hist_eq,0.6188584566116333
99.png,clahe,0.5266323685646057
99.png,gamma,0.5189437866210938
99.png,log,0.603312075138092
99.png,retinex,0.5455170273780823
99.png,hist_eq,0.6018202900886536
