frame,t_s,cap_ms,enh_ms,assess_ms,total_ms,score
0,0.0111,2.9447,6.9459,1.2088,11.0994,52.9580
1,0.0220,2.7513,6.9266,1.2205,10.8984,52.9580
2,0.0329,2.8139,6.8912,1.2028,10.9079,52.9580
3,0.0441,2.9714,6.9762,1.2186,11.1662,52.9580
4,0.0549,2.7406,6.8881,1.2026,10.8313,52.9580
5,0.0659,2.7610,6.9081,1.2739,10.9430,52.9580
6,0.0767,2.7755,6.8898,1.2077,10.8730,52.9580
7,0.0876,2.7235,6.8956,1.2044,10.8235,52.9580
8,0.0985,2.7924,6.9349,1.2080,10.9353,52.9580
9,0.1094,2.7724,6.8845,1.2141,10.8710,52.9580
10,0.1204,2.8269,6.9590,1.2234,11.0093,52.9580
11,0.1313,2.7525,6.9007,1.2138,10.8670,52.9580
12,0.1422,2.8035,6.9080,1.1995,10.9110,52.9580
13,0.1530,2.7833,6.8805,1.2014,10.8652,52.9580
14,0.1639,2.7980,6.9043,1.2006,10.9029,52.9580
15,0.1748,2.7222,6.8868,1.2446,10.8536,52.9580
16,0.1857,2.8086,6.8808,1.2011,10.8905,52.9580
17,0.1962,2.7396,6.5371,1.2267,10.5034,52.9580
18,0.2066,2.7641,6.4166,1.2541,10.4348,52.9580
19,0.2173,2.8988,6.5493,1.2342,10.6823,52.9580
20,0.2280,2.9220,6.4983,1.2214,10.6417,52.9580
21,0.2386,2.7963,6.5788,1.2112,10.5863,52.9580
22,0.2490,2.7543,6.4442,1.2053,10.4038,52.9580
23,0.2595,2.7655,6.5528,1.2109,10.5292,52.9580
24,0.2700,2.7914,6.4920,1.2018,10.4852,52.9580
25,0.2804,2.7600,6.4565,1.2118,10.4283,52.9580
26,0.2909,2.7703,6.5057,1.2115,10.4875,52.9580
27,0.3014,2.7445,6.4838,1.2132,10.4415,52.9580
28,0.3117,2.7803,6.4066,1.2004,10.3873,52.9580
29,0.3222,2.7542,6.4892,1.2145,10.4579,52.9580
30,0.3326,2.7581,6.4745,1.2101,10.4427,52.9580
31,0.3430,2.7426,6.4542,1.2046,10.4014,52.9580
32,0.3537,2.8316,6.5704,1.2432,10.6452,52.9580
33,0.3643,2.7982,6.5113,1.2333,10.5428,52.9580
34,0.3746,2.7694,6.4017,1.2218,10.3929,52.9580
35,0.3851,2.8025,6.4418,1.2059,10.4502,52.9580
36,0.3955,2.7605,6.4165,1.2042,10.3812,52.9580
37,0.4059,2.7714,6.3995,1.2101,10.3810,52.9580
38,0.4163,2.7612,6.4405,1.2053,10.4070,52.9580
39,0.4267,2.7729,6.4225,1.2193,10.4147,52.9580
40,0.4371,2.7393,6.4151,1.2039,10.3583,52.9580
41,0.4475,2.8316,6.4191,1.2146,10.4653,52.9580
42,0.4581,2.7571,6.5251,1.2584,10.5406,52.9580
43,0.4688,2.7140,6.8020,1.2133,10.7293,52.9580
44,0.4796,2.9128,6.6524,1.2201,10.7853,52.9580
45,0.4902,2.8418,6.5221,1.2465,10.6104,52.9580
46,0.5008,2.7504,6.6226,1.2344,10.6074,52.9580
47,0.5115,2.7649,6.7331,1.2056,10.7036,52.9580
48,0.5220,2.8229,6.4092,1.1930,10.4251,52.9580
49,0.5323,2.7290,6.4064,1.2168,10.3522,52.9580
50,0.5427,2.7549,6.4000,1.2031,10.3580,52.9580
51,0.5531,2.7892,6.4203,1.2089,10.4184,52.9580
52,0.5636,2.8058,6.5314,1.2103,10.5475,52.9580
53,0.5740,2.7404,6.3691,1.2098,10.3193,52.9580
54,0.5843,2.7294,6.3948,1.2031,10.3273,52.9580
55,0.5946,2.7729,6.3752,1.1957,10.3438,52.9580
56,0.6051,2.9239,6.3952,1.1890,10.5081,52.9580
57,0.6155,2.7775,6.3896,1.2035,10.3706,52.9580
58,0.6258,2.7521,6.3825,1.1909,10.3255,52.9580
59,0.6363,2.8300,6.3720,1.1968,10.3988,52.9580
60,0.6467,2.7727,6.4278,1.1967,10.3972,52.9580
61,0.6569,2.7298,6.3663,1.1958,10.2919,52.9580
62,0.6676,3.0438,6.3991,1.1866,10.6295,52.9580
63,0.6779,2.7577,6.4059,1.2033,10.3669,52.9580
64,0.6884,2.8063,6.3993,1.1992,10.4048,52.9580
65,0.6988,2.8441,6.3929,1.1996,10.4366,52.9580
66,0.7092,2.7893,6.3880,1.1859,10.3632,52.9580
67,0.7196,2.8856,6.3760,1.1881,10.4497,52.9580
68,0.7301,2.7916,6.4763,1.2223,10.4902,52.9580
69,0.7405,2.8158,6.3774,1.1886,10.3818,52.9580
70,0.7509,2.8611,6.3878,1.1842,10.4331,52.9580
71,0.7613,2.7467,6.4019,1.1916,10.3402,52.9580
72,0.7717,2.8178,6.4089,1.1881,10.4148,52.9580
73,0.7821,2.7999,6.3946,1.1940,10.3885,52.9580
74,0.7925,2.7903,6.4079,1.1858,10.3840,52.9580
75,0.8028,2.7316,6.3931,1.1806,10.3053,52.9580
76,0.8131,2.7608,6.4170,1.1805,10.3583,52.9580
77,0.8235,2.8013,6.3785,1.1863,10.3661,52.9580
78,0.8340,2.7865,6.4591,1.1949,10.4405,52.9580
79,0.8443,2.7592,6.4213,1.1817,10.3622,52.9580
80,0.8550,3.0394,6.4515,1.2162,10.7071,52.9580
81,0.8653,2.7902,6.2557,1.2059,10.2518,52.9580
82,0.8757,2.7670,6.4351,1.1947,10.3968,52.9580
83,0.8861,2.8538,6.3932,1.1825,10.4295,52.9580
84,0.8966,2.8160,6.4418,1.1855,10.4433,52.9580
85,0.9069,2.7360,6.3936,1.1881,10.3177,52.9580
86,0.9173,2.8322,6.4352,1.1772,10.4446,52.9580
87,0.9277,2.7490,6.4041,1.1859,10.3390,52.9580
88,0.9381,2.7952,6.4329,1.1771,10.4052,52.9580
89,0.9485,2.7954,6.3857,1.1923,10.3734,52.9580
90,0.9589,2.7870,6.4536,1.1817,10.4223,52.9580
91,0.9692,2.7608,6.3963,1.1819,10.3390,52.9580
92,0.9798,2.9078,6.4516,1.1875,10.5469,52.9580
93,0.9902,2.8066,6.4176,1.2068,10.4310,52.9580
94,1.0007,2.7977,6.4620,1.1942,10.4539,52.9580
95,1.0113,2.9994,6.3933,1.2140,10.6067,52.9580
96,1.0217,2.8914,6.4034,1.1747,10.4695,52.9580
97,1.0320,2.7270,6.3816,1.1905,10.2991,52.9580
98,1.0425,2.8022,6.4248,1.2163,10.4433,52.9580
99,1.0528,2.7345,6.3833,1.1841,10.3019,52.9580
100,1.0632,2.8068,6.4253,1.1757,10.4078,52.9580
101,1.0736,2.7169,6.3928,1.2420,10.3517,52.9580
102,1.0839,2.7737,6.4313,1.1805,10.3855,52.9580
103,1.0943,2.7401,6.4006,1.1891,10.3298,52.9580
104,1.1048,2.8108,6.4646,1.2226,10.4980,52.9580
105,1.1151,2.7676,6.3890,1.1857,10.3423,52.9580
106,1.1255,2.7619,6.4479,1.1790,10.3888,52.9580
107,1.1359,2.7467,6.3896,1.1967,10.3330,52.9580
108,1.1463,2.8215,6.4294,1.1843,10.4352,52.9580
109,1.1566,2.7359,6.3992,1.1886,10.3237,52.9580
110,1.1670,2.7616,6.4217,1.2334,10.4167,52.9580
111,1.1774,2.7224,6.3989,1.1918,10.3131,52.9580
112,1.1877,2.7876,6.3930,1.1774,10.3580,52.9580
113,1.1981,2.7745,6.3960,1.2148,10.3853,52.9580
114,1.2085,2.8059,6.4163,1.1829,10.4051,52.9580
115,1.2188,2.7364,6.4028,1.1743,10.3135,52.9580
116,1.2295,2.7817,6.6890,1.1831,10.6538,52.9580
117,1.2399,2.7882,6.4513,1.1958,10.4353,52.9580
118,1.2503,2.7794,6.4135,1.1839,10.3768,52.9580
119,1.2607,2.7502,6.4886,1.1898,10.4286,52.9580
120,1.2712,2.8076,6.4544,1.1766,10.4386,52.9580
121,1.2815,2.7264,6.3984,1.1862,10.3110,52.9580
122,1.2919,2.8155,6.4426,1.1851,10.4432,52.9580
123,1.3023,2.7536,6.4213,1.1938,10.3687,52.9580
124,1.3127,2.7864,6.4380,1.1990,10.4234,52.9580
125,1.3232,2.7874,6.4599,1.1951,10.4424,52.9580
126,1.3336,2.8017,6.4255,1.1772,10.4044,52.9580
127,1.3439,2.7669,6.3979,1.1767,10.3415,52.9580
128,1.3545,2.9040,6.4491,1.1814,10.5345,52.9580
129,1.3648,2.7828,6.3977,1.1886,10.3691,52.9580
130,1.3752,2.7893,6.3985,1.1727,10.3605,52.9580
131,1.3857,2.8523,6.4411,1.1794,10.4728,52.9580
132,1.3961,2.8107,6.4219,1.1896,10.4222,52.9580
133,1.4065,2.7731,6.4006,1.2003,10.3740,52.9580
134,1.4170,2.8542,6.4313,1.1880,10.4735,52.9580
135,1.4274,2.8470,6.3940,1.1909,10.4319,52.9580
136,1.4378,2.8085,6.4300,1.1901,10.4286,52.9580
137,1.4482,2.8279,6.3853,1.1843,10.3975,52.9580
138,1.4586,2.7644,6.4158,1.1781,10.3583,52.9580
139,1.4690,2.7989,6.4041,1.1828,10.3858,52.9580
140,1.4795,2.8963,6.4347,1.1737,10.5047,52.9580
141,1.4898,2.7716,6.4068,1.1890,10.3674,52.9580
142,1.5002,2.8061,6.3972,1.1803,10.3836,52.9580
143,1.5107,2.8759,6.3900,1.1788,10.4447,52.9580
144,1.5212,2.8704,6.4317,1.1826,10.4847,52.9580
145,1.5315,2.7916,6.3887,1.1870,10.3673,52.9580
146,1.5421,2.9187,6.4778,1.1938,10.5903,52.9580
147,1.5525,2.7636,6.4291,1.1838,10.3765,52.9580
148,1.5629,2.8130,6.4326,1.1736,10.4192,52.9580
149,1.5734,2.8626,6.4048,1.1870,10.4544,52.9580
150,1.5838,2.8099,6.4583,1.1777,10.4459,52.9580
151,1.5942,2.7894,6.3955,1.1829,10.3678,52.9580
152,1.6049,3.0173,6.4568,1.1803,10.6544,52.9580
153,1.6154,2.7648,6.4840,1.2519,10.5007,52.9580
154,1.6259,2.7356,6.6344,1.1946,10.5646,52.9580
155,1.6364,2.8019,6.4245,1.2025,10.4289,52.9580
156,1.6468,2.7474,6.4437,1.1942,10.3853,52.9580
157,1.6571,2.7161,6.4053,1.1954,10.3168,52.9580
158,1.6676,2.8988,6.4629,1.1920,10.5537,52.9580
159,1.6780,2.7430,6.4328,1.1999,10.3757,52.9580
160,1.6884,2.7660,6.4107,1.1833,10.3600,52.9580
161,1.6989,2.8633,6.4410,1.1937,10.4980,52.9580
162,1.7093,2.7414,6.4339,1.1952,10.3705,52.9580
163,1.7196,2.7529,6.3940,1.1919,10.3388,52.9580
164,1.7301,2.8653,6.4430,1.1827,10.4910,52.9580
165,1.7404,2.7159,6.4372,1.1997,10.3528,52.9580
166,1.7509,2.7763,6.4189,1.2200,10.4152,52.9580
167,1.7613,2.8618,6.4140,1.1874,10.4632,52.9580
168,1.7717,2.7562,6.4288,1.1721,10.3571,52.9580
169,1.7820,2.7373,6.3850,1.1801,10.3024,52.9580
170,1.7925,2.8970,6.4284,1.1809,10.5063,52.9580
171,1.8028,2.7214,6.4305,1.1805,10.3324,52.9580
172,1.8131,2.7119,6.4243,1.1726,10.3088,52.9580
173,1.8236,2.8773,6.4088,1.1883,10.4744,52.9580
174,1.8340,2.7538,6.4383,1.1882,10.3803,52.9580
175,1.8443,2.7074,6.3898,1.1767,10.2739,52.9580
176,1.8549,2.9298,6.4660,1.1804,10.5762,52.9580
177,1.8652,2.7749,6.4171,1.1820,10.3740,52.9580
178,1.8764,3.3058,6.6191,1.2162,11.1411,52.9580
179,1.8871,2.8129,6.6754,1.2292,10.7175,52.9580
180,1.8976,2.7498,6.5167,1.1880,10.4545,52.9580
181,1.9081,2.8660,6.4444,1.1919,10.5023,52.9580
182,1.9185,2.7323,6.4599,1.1872,10.3794,52.9580
183,1.9287,2.7033,6.3899,1.1776,10.2708,52.9580
184,1.9394,2.9016,6.6191,1.1954,10.7161,52.9580
185,1.9499,2.8555,6.4171,1.1899,10.4625,52.9580
186,1.9603,2.7025,6.4790,1.1866,10.3681,52.9580
187,1.9707,2.7504,6.4526,1.2065,10.4095,52.9580
188,1.9815,3.0817,6.5134,1.1909,10.7860,52.9580
189,1.9920,2.8621,6.4419,1.1991,10.5031,52.9580
190,2.0024,2.7422,6.4489,1.1785,10.3696,52.9580
191,2.0128,2.8045,6.4252,1.1774,10.4071,52.9580
192,2.0232,2.7456,6.4599,1.1741,10.3796,52.9580
193,2.0335,2.7147,6.4338,1.1900,10.3385,52.9580
194,2.0440,2.8398,6.4638,1.1818,10.4854,52.9580
195,2.0543,2.7252,6.4438,1.1938,10.3628,52.9580
196,2.0648,2.7828,6.4513,1.1944,10.4285,52.9580
197,2.0754,2.8789,6.5008,1.1977,10.5774,52.9580
198,2.0858,2.7341,6.4975,1.2022,10.4338,52.9580
199,2.0962,2.7912,6.4296,1.2291,10.4499,52.9580
200,2.1066,2.7509,6.4744,1.1716,10.3969,52.9580
201,2.1170,2.7147,6.4388,1.1869,10.3404,52.9580
202,2.1274,2.7453,6.4343,1.2178,10.3974,52.9580
203,2.1378,2.7288,6.4733,1.1812,10.3833,52.9580
204,2.1482,2.7392,6.4549,1.2074,10.4015,52.9580
205,2.1587,2.7817,6.4524,1.2329,10.4670,52.9580
206,2.1691,2.7524,6.4843,1.1826,10.4193,52.9580
207,2.1795,2.7578,6.4616,1.1898,10.4092,52.9580
208,2.1899,2.7709,6.4818,1.1947,10.4474,52.9580
209,2.2004,2.7884,6.4438,1.2044,10.4366,52.9580
210,2.2109,2.7966,6.4930,1.1846,10.4742,52.9580
211,2.2212,2.7301,6.4262,1.2084,10.3647,52.9580
212,2.2317,2.8035,6.4837,1.1701,10.4573,52.9580
213,2.2422,2.7525,6.4716,1.2418,10.4659,52.9580
214,2.2527,2.8088,6.5091,1.1950,10.5129,52.9580
215,2.2634,2.8936,6.5956,1.2109,10.7001,52.9580
216,2.2750,2.9811,7.3847,1.2533,11.6191,52.9580
217,2.2863,2.7876,7.2982,1.2007,11.2865,52.9580
218,2.2971,2.9677,6.6383,1.2143,10.8203,52.9580
219,2.3085,2.7313,7.3852,1.2525,11.3690,52.9580
220,2.3202,3.2892,7.2573,1.1947,11.7412,52.9580
221,2.3318,2.7107,7.4935,1.4120,11.6162,52.9580
222,2.3432,2.7181,7.4540,1.2037,11.3758,52.9580
223,2.3547,3.1555,7.0929,1.2047,11.4531,52.9580
224,2.3658,2.7747,7.1283,1.2285,11.1315,52.9580
225,2.3763,2.7524,6.5414,1.1977,10.4915,52.9580
226,2.3869,2.9089,6.4854,1.1987,10.5930,52.9580
227,2.3973,2.7289,6.5156,1.1942,10.4387,52.9580
228,2.4077,2.7515,6.3928,1.1798,10.3241,52.9580
229,2.4182,2.7967,6.5107,1.1976,10.5050,52.9580
230,2.4285,2.7457,6.4152,1.1765,10.3374,52.9580
231,2.4389,2.7060,6.4622,1.1762,10.3444,52.9580
232,2.4497,3.1174,6.4914,1.2103,10.8191,52.9580
233,2.4602,2.8443,6.4876,1.1952,10.5271,52.9580
234,2.4706,2.7774,6.3891,1.1784,10.3449,52.9580
235,2.4810,2.8527,6.4308,1.1870,10.4705,52.9580
236,2.4914,2.7887,6.4263,1.1839,10.3989,52.9580
237,2.5018,2.7446,6.4323,1.1860,10.3629,52.9580
238,2.5122,2.8667,6.3759,1.1756,10.4182,52.9580
239,2.5226,2.7791,6.4346,1.1196,10.3333,40.5571
240,2.5328,2.7690,6.3860,1.1186,10.2736,40.6126
241,2.5433,2.8654,6.4339,1.1290,10.4283,40.5288
242,2.5536,2.8078,6.3869,1.1240,10.3187,40.3745
243,2.5639,2.7724,6.4445,1.1242,10.3411,40.1148
244,2.5743,2.8808,6.3854,1.1218,10.3880,40.0984
245,2.5847,2.7831,6.4585,1.1231,10.3647,39.5591
246,2.5950,2.7569,6.3836,1.1206,10.2611,39.8482
247,2.6055,2.9516,6.4392,1.1285,10.5193,39.5768
248,2.6159,2.8765,6.4214,1.1345,10.4324,39.5354
249,2.6263,2.7783,6.4656,1.1327,10.3766,39.4090
250,2.6367,2.9264,6.3900,1.1270,10.4434,39.5224
251,2.6471,2.8163,6.4374,1.1217,10.3754,39.7043
252,2.6574,2.7997,6.3803,1.1156,10.2956,39.3903
253,2.6679,2.8658,6.4300,1.1401,10.4359,39.3813
254,2.6783,2.8075,6.4522,1.1367,10.3964,39.4006
255,2.6885,2.7335,6.4152,1.1181,10.2668,39.4194
256,2.6989,2.8710,6.3825,1.1124,10.3659,39.4782
257,2.7092,2.8004,6.4045,1.1302,10.3351,39.6712
258,2.7195,2.8000,6.3905,1.1174,10.3079,39.7158
259,2.7300,2.9125,6.4086,1.1275,10.4486,40.0996
260,2.7404,2.8661,6.4347,1.1304,10.4312,40.1988
261,2.7508,2.8447,6.4073,1.1387,10.3907,40.3350
262,2.7611,2.7926,6.3821,1.1189,10.2936,40.2983
263,2.7715,2.8037,6.4444,1.1210,10.3691,41.0751
264,2.7818,2.8107,6.4060,1.1167,10.3334,40.4887
265,2.7923,2.9285,6.4284,1.1297,10.4866,40.1557
266,2.8026,2.7808,6.4126,1.1186,10.3120,40.4681
267,2.8130,2.7841,6.4174,1.1275,10.3290,40.0719
268,2.8234,2.9241,6.3714,1.1163,10.4118,40.1411
269,2.8338,2.7703,6.4423,1.1443,10.3569,39.4819
270,2.8441,2.8047,6.4123,1.1262,10.3432,37.7545
271,2.8546,2.8810,6.4224,1.1717,10.4751,37.1613
272,2.8650,2.8416,6.4331,1.1244,10.3991,35.8986
273,2.8753,2.7817,6.4330,1.1370,10.3517,36.1673
274,2.8858,2.8570,6.4107,1.1528,10.4205,36.4548
275,2.8961,2.7822,6.4139,1.1204,10.3165,37.2543
276,2.9064,2.8101,6.3899,1.1137,10.3137,37.6339
277,2.9168,2.8740,6.4004,1.1319,10.4063,37.6192
278,2.9271,2.7732,6.4112,1.1496,10.3340,37.8518
279,2.9375,2.8262,6.4388,1.1225,10.3875,38.9571
280,2.9479,2.8539,6.4087,1.1219,10.3845,38.9098
281,2.9584,2.8174,6.4804,1.1846,10.4824,38.8636
282,2.9689,2.8047,6.5133,1.1341,10.4521,39.4812
283,2.9791,2.7858,6.3829,1.1241,10.2928,39.1404
284,2.9895,2.8016,6.4544,1.1189,10.3749,39.5224
285,2.9999,2.7733,6.4724,1.1586,10.4043,39.7774
286,3.0103,2.7831,6.4452,1.1310,10.3593,40.4544
287,3.0207,2.8462,6.4212,1.1298,10.3972,40.5760
288,3.0310,2.7996,6.4244,1.1157,10.3397,40.6106
289,3.0413,2.7634,6.4212,1.1235,10.3081,40.5182
290,3.0518,2.9038,6.4252,1.1416,10.4706,40.8680
291,3.0623,2.8903,6.4230,1.1256,10.4389,40.7578
292,3.0726,2.7855,6.4271,1.1150,10.3276,40.8101
293,3.0830,2.7633,6.4727,1.1487,10.3847,41.0709
294,3.0934,2.8593,6.4239,1.1414,10.4246,41.2758
295,3.1040,2.9891,6.5066,1.1407,10.6364,41.4491
296,3.1145,2.8386,6.4738,1.1257,10.4381,41.6546
297,3.1249,2.7957,6.4886,1.1438,10.4281,41.9039
298,3.1353,2.8268,6.4392,1.1357,10.4017,41.9330
299,3.1457,2.8612,6.4035,1.1137,10.3784,42.5653
300,3.1560,2.7810,6.4130,1.1318,10.3258,42.7024
301,3.1665,2.8322,6.4783,1.1662,10.4767,42.4511
302,3.1768,2.7734,6.4239,1.1263,10.3236,42.6252
303,3.1872,2.7797,6.4375,1.1293,10.3465,42.1367
304,3.1976,2.7875,6.5050,1.1315,10.4240,42.4016
305,3.2080,2.7747,6.4680,1.1529,10.3956,41.5766
306,3.2184,2.7866,6.4309,1.1219,10.3394,41.8456
307,3.2287,2.7661,6.4225,1.1215,10.3101,41.9133
308,3.2391,2.7662,6.4599,1.1636,10.3897,41.2574
309,3.2494,2.7716,6.3894,1.1276,10.2886,41.9965
310,3.2597,2.7561,6.4520,1.1208,10.3289,42.4558
311,3.2701,2.8180,6.3867,1.1589,10.3636,43.3720
312,3.2804,2.8059,6.4257,1.1212,10.3528,42.7873
313,3.2908,2.8403,6.4049,1.1292,10.3744,42.9405
314,3.3012,2.8093,6.4641,1.1328,10.4062,43.0732
315,3.3116,2.7948,6.4398,1.1538,10.3884,43.4765
316,3.3220,2.8396,6.4640,1.1144,10.4180,43.5177
317,3.3324,2.7420,6.3979,1.2177,10.3576,44.3937
318,3.3427,2.7715,6.4305,1.1210,10.3230,44.2520
319,3.3531,2.8008,6.4247,1.1259,10.3514,44.8106
320,3.3635,2.8091,6.4476,1.2061,10.4628,45.4675
321,3.3739,2.7808,6.4360,1.1388,10.3556,45.8871
322,3.3843,2.8567,6.4579,1.1346,10.4492,46.7938
323,3.3948,2.8268,6.4491,1.2262,10.5021,47.6073
324,3.4052,2.8427,6.4386,1.1303,10.4116,47.2203
325,3.4157,2.8650,6.4218,1.1450,10.4318,47.6486
326,3.4261,2.8449,6.4642,1.1232,10.4323,47.5356
327,3.4364,2.7983,6.4072,1.1210,10.3265,49.2099
328,3.4469,2.7791,6.5332,1.1252,10.4375,48.8462
329,3.4573,2.7854,6.3949,1.1900,10.3703,48.8966
330,3.4676,2.7926,6.4425,1.1204,10.3555,49.5176
331,3.4780,2.7968,6.4233,1.1282,10.3483,50.2808
332,3.4884,2.8479,6.4824,1.1341,10.4644,51.2214
333,3.4988,2.8001,6.4695,1.1405,10.4101,51.7239
334,3.5092,2.7826,6.4455,1.1188,10.3469,51.6737
335,3.5196,2.8378,6.4674,1.1364,10.4416,52.8371
336,3.5301,2.8460,6.4550,1.1369,10.4379,52.8100
337,3.5405,2.8069,6.4654,1.1280,10.4003,53.3194
338,3.5510,2.8370,6.5106,1.1226,10.4702,53.5393
339,3.5613,2.7661,6.4250,1.1193,10.3104,54.0259
340,3.5716,2.7942,6.4397,1.1134,10.3473,54.1553
341,3.5820,2.7507,6.3881,1.1997,10.3385,54.2203
342,3.5923,2.7738,6.4366,1.1221,10.3325,54.2203
343,3.6026,2.7665,6.3943,1.1315,10.2923,54.2203
344,3.6130,2.8101,6.5111,1.1232,10.4444,54.2203
345,3.6233,2.7532,6.3741,1.1310,10.2583,54.2203
346,3.6338,2.8037,6.5372,1.1397,10.4806,54.2203
347,3.6442,2.8270,6.3701,1.1745,10.3716,54.2203
348,3.6547,2.9780,6.4713,1.1232,10.5725,54.2203
349,3.6650,2.7523,6.4049,1.1388,10.2960,54.2203
350,3.6754,2.8402,6.4418,1.1209,10.4029,54.2203
351,3.6858,2.8197,6.4064,1.1218,10.3479,54.2203
352,3.6962,2.8968,6.4088,1.1167,10.4223,54.2203
353,3.7066,2.8347,6.4336,1.1289,10.3972,54.2203
354,3.7170,2.7788,6.4255,1.1260,10.3303,54.2203
355,3.7273,2.8676,6.3886,1.1127,10.3689,54.2203
356,3.7378,2.8635,6.4920,1.1204,10.4759,54.2203
357,3.7481,2.8144,6.3809,1.1195,10.3148,54.2203
358,3.7585,2.7678,6.4570,1.1168,10.3416,54.2203
359,3.7688,2.7787,6.3739,1.1779,10.3305,54.2203
360,3.7792,2.7858,6.4598,1.1187,10.3643,54.2203
361,3.7895,2.8434,6.3895,1.1347,10.3676,54.2203
362,3.7999,2.8012,6.4504,1.1359,10.3875,54.2203
363,3.8103,2.8613,6.3916,1.1233,10.3762,54.2203
364,3.8208,2.8235,6.4826,1.1662,10.4723,54.2203
365,3.8311,2.8152,6.4049,1.1441,10.3642,54.2203
366,3.8415,2.7918,6.4298,1.1193,10.3409,54.2203
367,3.8518,2.7705,6.4158,1.1490,10.3353,54.2203
368,3.8623,2.8122,6.4445,1.1861,10.4428,54.2203
369,3.8727,2.8177,6.4447,1.1137,10.3761,54.2203
370,3.8832,2.7829,6.6601,1.1329,10.5759,54.2203
371,3.8936,2.7830,6.3904,1.1388,10.3122,54.2203
372,3.9039,2.7748,6.4034,1.1204,10.2986,54.2203
373,3.9142,2.8033,6.4073,1.1317,10.3423,54.2203
374,3.9245,2.7721,6.3970,1.1100,10.2791,54.2203
375,3.9349,2.8880,6.4471,1.1273,10.4624,54.2203
376,3.9453,2.8157,6.4256,1.1310,10.3723,54.2203
377,3.9557,2.7890,6.3871,1.1766,10.3527,54.2203
378,3.9660,2.7736,6.4110,1.1097,10.2943,54.2203
379,3.9763,2.7482,6.4116,1.1254,10.2852,54.2203
380,3.9867,2.7767,6.4553,1.1555,10.3875,54.2203
381,3.9970,2.7952,6.3960,1.1107,10.3019,54.2203
382,4.0073,2.7661,6.4357,1.1186,10.3204,54.2203
383,4.0176,2.8011,6.4102,1.1182,10.3295,54.2203
384,4.0280,2.8368,6.4063,1.1259,10.3690,54.2203
385,4.0383,2.7987,6.4185,1.1146,10.3318,54.2203
386,4.0486,2.8140,6.3913,1.1186,10.3239,54.2203
387,4.0590,2.8309,6.4055,1.1358,10.3722,54.2203
388,4.0694,2.7961,6.4309,1.1134,10.3404,54.2203
389,4.0796,2.7574,6.3901,1.1080,10.2555,54.2203
390,4.0900,2.8554,6.4301,1.1211,10.4066,54.2203
391,4.1003,2.7327,6.4458,1.1163,10.2948,54.2203
392,4.1107,2.7755,6.4418,1.1079,10.3252,54.2203
393,4.1211,2.8667,6.4409,1.1106,10.4182,54.2203
394,4.1315,2.7970,6.4935,1.1318,10.4223,54.2203
395,4.1419,2.8137,6.4607,1.1340,10.4084,54.2203
396,4.1524,2.9511,6.4625,1.1146,10.5282,54.2203
397,4.1629,2.8055,6.4630,1.1347,10.4032,54.2203
398,4.1732,2.8165,6.4385,1.1392,10.3942,54.2203
399,4.1837,2.9302,6.4211,1.1160,10.4673,54.2203
400,4.1941,2.7931,6.4562,1.1183,10.3676,54.2203
401,4.2045,2.8731,6.4372,1.1194,10.4297,54.2203
402,4.2150,2.8895,6.4578,1.1223,10.4696,54.2203
403,4.2253,2.7695,6.4262,1.1071,10.3028,54.2203
404,4.2357,2.8511,6.4399,1.1118,10.4028,54.2203
405,4.2461,2.7457,6.4904,1.1278,10.3639,54.2203
406,4.2564,2.7965,6.4195,1.1411,10.3571,54.2203
407,4.2670,2.9460,6.4359,1.1470,10.5289,54.2203
408,4.2773,2.8248,6.4123,1.1247,10.3618,54.2203
409,4.2878,2.8209,6.4589,1.1382,10.4180,54.2203
410,4.2981,2.7990,6.4006,1.1532,10.3528,54.2203
411,4.3085,2.8043,6.4334,1.1032,10.3409,54.2203
412,4.3190,2.7937,6.4662,1.2351,10.4950,54.2203
413,4.3292,2.7391,6.4281,1.1118,10.2790,54.2203
414,4.3396,2.8396,6.3882,1.1108,10.3386,54.2203
415,4.3499,2.7649,6.4617,1.1204,10.3470,54.2203
416,4.3602,2.7770,6.4060,1.1259,10.3089,54.2203
417,4.3707,2.8645,6.4297,1.1366,10.4308,54.2203
418,4.3811,2.8459,6.4508,1.1129,10.4096,54.2203
419,4.3915,2.7757,6.4656,1.1429,10.3842,54.2203
420,4.4019,2.9020,6.4161,1.1423,10.4604,54.2203
421,4.4124,2.8681,6.4577,1.1123,10.4381,54.2203
422,4.4226,2.7525,6.3971,1.1072,10.2568,54.2203
423,4.4329,2.7496,6.4233,1.1181,10.2910,54.2203
424,4.4433,2.8794,6.4019,1.1122,10.3935,54.2203
425,4.4537,2.7770,6.4472,1.1049,10.3291,54.2203
426,4.4639,2.7582,6.4156,1.1135,10.2873,54.2203
427,4.4745,2.9333,6.4518,1.1306,10.5157,54.2203
428,4.4849,2.7983,6.4638,1.1359,10.3980,54.2203
429,4.4952,2.8121,6.4230,1.1187,10.3538,54.2203
430,4.5056,2.7668,6.4341,1.1373,10.3382,54.2203
431,4.5160,2.8158,6.4475,1.1320,10.3953,54.2203
432,4.5263,2.8497,6.4038,1.1093,10.3628,54.2203
433,4.5367,2.7591,6.4525,1.1153,10.3269,54.2203
434,4.5468,2.7692,6.2425,1.1167,10.1284,54.2203
435,4.5572,2.7702,6.4886,1.1042,10.3630,54.2203
436,4.5675,2.7626,6.4277,1.1161,10.3064,53.8795
437,4.5778,2.8107,6.4358,1.1181,10.3646,52.7170
438,4.5882,2.7545,6.4596,1.1284,10.3425,52.1658
439,4.5986,2.8334,6.4665,1.1303,10.4302,52.1816
440,4.6089,2.8141,6.4137,1.1088,10.3366,52.0531
441,4.6194,2.8026,6.5156,1.1287,10.4469,51.2499
442,4.6298,2.8223,6.4049,1.1309,10.3581,51.1938
443,4.6400,2.7440,6.4270,1.1114,10.2824,51.3564
444,4.6504,2.8972,6.3897,1.1145,10.4014,50.7690
445,4.6608,2.7621,6.4362,1.1275,10.3258,50.1115
446,4.6710,2.7567,6.3848,1.1121,10.2536,49.9920
447,4.6815,2.8143,6.4929,1.1138,10.4210,49.6733
448,4.6918,2.7266,6.4400,1.1314,10.2980,49.4926
449,4.7020,2.7365,6.4269,1.1238,10.2872,49.4005
450,4.7125,2.8098,6.4697,1.1308,10.4103,50.0542
451,4.7229,2.8354,6.4648,1.1420,10.4422,49.5492
452,4.7332,2.7917,6.4188,1.1253,10.3358,49.8157
453,4.7437,2.8153,6.5021,1.1554,10.4728,48.9991
454,4.7541,2.8259,6.4679,1.1203,10.4141,49.3565
455,4.7644,2.7522,6.4397,1.1118,10.3037,49.8516
456,4.7748,2.7865,6.4608,1.1161,10.3634,49.4520
457,4.7852,2.7969,6.5054,1.1125,10.4148,49.2551
458,4.7955,2.7565,6.3946,1.1107,10.2618,50.1210
459,4.8059,2.7697,6.4816,1.1186,10.3699,50.4301
460,4.8163,2.8156,6.4719,1.1242,10.4117,50.1818
461,4.8266,2.7635,6.4009,1.1220,10.2864,50.0700
462,4.8369,2.7635,6.4152,1.1159,10.2946,50.5778
463,4.8473,2.8486,6.3811,1.1470,10.3767,50.1652
464,4.8576,2.7942,6.4609,1.1374,10.3925,50.5404
465,4.8680,2.8038,6.4137,1.1123,10.3298,50.6916
466,4.8784,2.8216,6.4217,1.1288,10.3721,51.0679
467,4.8888,2.9466,6.4053,1.1332,10.4851,51.0143
468,4.8993,2.8940,6.4132,1.1069,10.4141,51.6448
469,4.9096,2.7731,6.4880,1.1188,10.3799,51.8582
470,4.9200,2.7938,6.4051,1.1149,10.3138,52.7142
471,4.9303,2.7826,6.4274,1.1181,10.3281,53.0561
472,4.9407,2.8235,6.4147,1.1992,10.4374,53.9238
473,4.9511,2.7948,6.4237,1.1144,10.3329,54.1481
474,4.9614,2.7972,6.4443,1.1249,10.3664,54.2203
475,4.9719,2.8262,6.4190,1.1955,10.4407,54.2203
476,4.9822,2.7929,6.4593,1.1118,10.3640,54.2203
477,4.9926,2.8233,6.4214,1.1082,10.3529,54.2203
478,5.0030,2.7914,6.4515,1.1960,10.4389,54.2203
479,5.0135,2.8860,6.4353,1.1433,10.4646,38.2001
480,5.0240,2.8501,6.4585,1.1369,10.4455,38.3053
481,5.0344,2.8423,6.4479,1.1503,10.4405,35.4795
482,5.0448,2.8196,6.4343,1.1299,10.3838,35.8959
483,5.0552,2.7980,6.4354,1.1520,10.3854,33.6193
484,5.0656,2.7811,6.5064,1.1472,10.4347,33.8408
485,5.0760,2.8196,6.4093,1.1381,10.3670,34.5954
486,5.0864,2.8139,6.4420,1.1462,10.4021,34.9280
487,5.0968,2.8283,6.4108,1.1804,10.4195,36.5088
488,5.1072,2.8166,6.4558,1.1255,10.3979,39.1201
489,5.1176,2.8276,6.4216,1.1422,10.3914,40.4868
490,5.1281,2.8164,6.4410,1.1898,10.4472,40.7014
491,5.1385,2.8489,6.4407,1.1306,10.4202,41.9386
492,5.1490,2.9189,6.4560,1.1317,10.5066,44.1027
493,5.1595,2.8209,6.4044,1.2474,10.4727,45.0908
494,5.1699,2.8015,6.4379,1.1569,10.3963,41.9310
495,5.1803,2.8224,6.4424,1.1293,10.3941,41.1217
496,5.1906,2.8107,6.4237,1.1366,10.3710,41.7191
497,5.2011,2.8602,6.4288,1.1420,10.4310,40.7159
498,5.2115,2.8234,6.4982,1.1523,10.4739,39.1521
499,5.2221,2.9633,6.4630,1.1352,10.5615,39.3170
500,5.2338,3.9469,6.6254,1.1464,11.7187,41.4356
501,5.2442,2.8146,6.4422,1.1459,10.4027,41.1270
502,5.2546,2.7865,6.4544,1.1425,10.3834,41.3615
503,5.2650,2.7761,6.4174,1.1509,10.3444,41.6248
504,5.2755,2.8957,6.4346,1.1520,10.4823,43.7983
505,5.2860,2.8426,6.5342,1.1551,10.5319,47.2627
506,5.2964,2.8448,6.3979,1.1260,10.3687,46.1607
507,5.3068,2.7733,6.5553,1.1563,10.4849,46.9509
508,5.3176,3.1635,6.4239,1.1848,10.7722,44.3756
509,5.3282,2.9848,6.4490,1.1308,10.5646,52.2839
510,5.3385,2.7707,6.4476,1.1210,10.3393,54.2203
511,5.3490,2.8274,6.4669,1.1456,10.4399,51.3843
512,5.3594,2.8049,6.4247,1.1674,10.3970,49.1928
513,5.3703,3.3370,6.4420,1.1284,10.9074,49.0811
514,5.3814,3.4962,6.4204,1.1555,11.0721,48.1174
515,5.3918,2.8446,6.4636,1.1460,10.4542,49.0079
516,5.4022,2.8589,6.3877,1.1425,10.3891,49.1546
517,5.4126,2.7864,6.4534,1.1292,10.3690,49.7979
518,5.4229,2.8182,6.3834,1.1347,10.3363,49.6197
519,5.4334,2.9420,6.4154,1.1443,10.5017,50.4026
520,5.4438,2.8208,6.3992,1.1413,10.3613,49.8316
521,5.4542,2.8260,6.4236,1.1480,10.3976,52.0042
522,5.4646,2.8324,6.3971,1.1333,10.3628,51.9566
523,5.4750,2.8627,6.4510,1.1359,10.4496,52.9697
524,5.4862,3.6238,6.4276,1.1321,11.1835,54.0390
525,5.4967,2.9405,6.4136,1.1331,10.4872,54.2203
526,5.5071,2.8364,6.4082,1.1222,10.3668,54.2203
527,5.5174,2.7893,6.4090,1.1412,10.3395,54.2203
528,5.5279,2.9646,6.4016,1.1246,10.4908,53.9531
529,5.5382,2.7983,6.4070,1.1190,10.3243,53.4033
530,5.5486,2.8066,6.4041,1.1320,10.3427,52.9771
531,5.5590,2.8853,6.3967,1.1259,10.4079,52.2490
532,5.5694,2.8181,6.4423,1.1356,10.3960,53.6308
533,5.5798,2.8461,6.4022,1.1451,10.3934,54.0837
534,5.5902,2.8417,6.4202,1.1240,10.3859,50.3533
535,5.6006,2.8512,6.4107,1.1304,10.3923,47.8744
536,5.6110,2.7686,6.4649,1.1476,10.3811,44.1881
537,5.6213,2.8347,6.4034,1.1260,10.3641,45.1970
538,5.6317,2.8018,6.4494,1.1325,10.3837,44.7017
539,5.6421,2.8046,6.4177,1.1306,10.3529,47.1744
540,5.6527,3.0709,6.4137,1.1294,10.6140,48.1433
541,5.6630,2.8211,6.4146,1.1255,10.3612,49.5501
542,5.6734,2.8090,6.4307,1.1355,10.3752,52.1812
543,5.6839,2.9081,6.4169,1.1633,10.4883,51.8555
544,5.6943,2.8340,6.4419,1.1268,10.4027,54.2203
545,5.7046,2.7841,6.4085,1.1345,10.3271,54.2203
546,5.7154,3.1897,6.4244,1.1366,10.7507,54.2203
547,5.7258,2.8261,6.4123,1.1236,10.3620,54.2203
548,5.7361,2.7753,6.4267,1.1277,10.3297,54.2203
549,5.7465,2.9211,6.3947,1.1186,10.4344,54.2203
550,5.7569,2.8034,6.4272,1.1289,10.3595,54.2203
551,5.7673,2.8645,6.4073,1.1356,10.4074,54.2203
552,5.7777,2.8138,6.4113,1.1316,10.3567,54.2203
553,5.7881,2.8631,6.4400,1.1354,10.4385,54.2203
554,5.7986,2.8573,6.4641,1.1745,10.4959,54.2203
555,5.8089,2.7926,6.4021,1.1181,10.3128,54.2203
556,5.8194,2.8834,6.4243,1.1382,10.4459,54.2203
557,5.8298,2.7998,6.4378,1.1494,10.3870,54.2203
558,5.8401,2.8375,6.4101,1.1176,10.3652,54.2203
559,5.8505,2.8306,6.4291,1.1234,10.3831,54.2203
560,5.8609,2.8181,6.4459,1.1287,10.3927,54.2203
561,5.8713,2.8725,6.3991,1.1254,10.3970,54.2203
562,5.8817,2.8099,6.4390,1.1270,10.3759,54.2203
563,5.8921,2.8115,6.4302,1.1287,10.3704,54.2203
564,5.9027,2.9890,6.4980,1.1488,10.6358,54.2203
565,5.9131,2.8147,6.4237,1.1672,10.4056,54.2203
566,5.9235,2.8148,6.4242,1.1378,10.3768,54.2203
567,5.9339,2.9193,6.3993,1.1385,10.4571,54.2203
568,5.9443,2.8199,6.4370,1.1238,10.3807,54.2203
569,5.9547,2.8200,6.4063,1.1236,10.3499,54.2203
570,5.9651,2.9230,6.3994,1.1142,10.4366,54.2203
571,5.9755,2.8247,6.4310,1.1249,10.3806,54.2203
572,5.9859,2.7922,6.4513,1.1227,10.3662,54.2203
573,5.9963,2.8701,6.4024,1.1131,10.3856,54.2203
574,6.0067,2.7898,6.4528,1.1494,10.3920,54.2203
575,6.0171,2.8908,6.4228,1.1384,10.4520,54.2203
576,6.0275,2.8521,6.4460,1.1347,10.4328,54.2203
577,6.0380,2.8280,6.4550,1.1275,10.4105,54.2203
578,6.0483,2.8124,6.4313,1.1377,10.3814,54.2203
579,6.0587,2.8382,6.4193,1.1213,10.3788,54.2203
580,6.0691,2.8062,6.4332,1.1245,10.3639,54.2203
581,6.0795,2.8097,6.4384,1.1236,10.3717,54.2203
582,6.0899,2.9023,6.3987,1.1177,10.4187,54.2203
583,6.1003,2.7973,6.4915,1.1360,10.4248,54.2203
584,6.1107,2.7784,6.4279,1.1273,10.3336,54.2203
585,6.1211,2.9312,6.4413,1.1177,10.4902,54.2203
586,6.1315,2.8194,6.4372,1.1350,10.3916,54.2203
587,6.1419,2.8126,6.4507,1.1354,10.3987,54.2203
588,6.1524,2.9092,6.4207,1.1290,10.4589,54.2203
589,6.1629,2.8134,6.5087,1.1446,10.4667,54.2203
590,6.1735,2.9221,6.5057,1.1648,10.5926,54.2203
591,6.1842,3.0489,6.4738,1.1569,10.6796,54.2203
592,6.1948,2.9796,6.4957,1.1599,10.6352,54.2203
593,6.2053,2.9576,6.4261,1.1343,10.5180,54.2203
594,6.2159,2.9340,6.4575,1.1264,10.5179,54.2203
595,6.2262,2.7572,6.4177,1.1310,10.3059,54.2203
596,6.2365,2.7707,6.4372,1.1742,10.3821,54.2203
597,6.2469,2.8393,6.4082,1.1269,10.3744,54.2203
598,6.2573,2.8426,6.4316,1.1329,10.4071,54.2203
599,6.2677,2.8196,6.4371,1.1411,10.3978,54.2203
600,6.2781,2.8142,6.4047,1.1211,10.3400,54.2203
601,6.2884,2.7921,6.4304,1.1320,10.3545,54.2203
602,6.2987,2.7594,6.4038,1.1187,10.2819,54.2203
603,6.3093,2.9491,6.4798,1.1767,10.6056,54.2203
604,6.3198,2.9314,6.4172,1.1205,10.4691,54.2203
605,6.3301,2.7961,6.3986,1.1337,10.3284,54.2203
606,6.3405,2.7958,6.3895,1.1331,10.3184,54.2203
607,6.3508,2.8524,6.4033,1.1175,10.3732,54.2203
608,6.3612,2.8112,6.4250,1.1317,10.3679,54.2203
609,6.3715,2.8171,6.4010,1.1110,10.3291,54.2203
610,6.3820,2.8991,6.4567,1.1268,10.4826,54.2203
611,6.3924,2.8263,6.4273,1.1423,10.3959,54.2203
612,6.4028,2.8228,6.4174,1.1258,10.3660,54.2203
613,6.4132,2.8752,6.4130,1.1213,10.4095,54.2203
614,6.4236,2.8741,6.4089,1.1288,10.4118,54.2203
615,6.4340,2.8849,6.3951,1.1217,10.4017,54.2203
616,6.4444,2.8220,6.4222,1.1313,10.3755,54.2203
617,6.4548,2.8220,6.4127,1.1403,10.3750,54.2203
618,6.4652,2.8558,6.4260,1.1281,10.4099,54.2203
619,6.4756,2.8856,6.4203,1.1262,10.4321,54.2203
620,6.4860,2.8097,6.4625,1.1339,10.4061,54.2203
621,6.4964,2.8797,6.3907,1.1315,10.4019,54.2203
622,6.5068,2.7908,6.4346,1.1252,10.3506,54.2203
623,6.5171,2.8048,6.4126,1.1240,10.3414,54.2203
624,6.5276,2.9655,6.4126,1.1170,10.4951,54.2203
625,6.5380,2.8303,6.4268,1.1272,10.3843,54.2203
626,6.5484,2.8053,6.4362,1.1221,10.3636,54.2203
627,6.5588,2.8903,6.3997,1.1179,10.4079,54.2203
628,6.5692,2.7926,6.4348,1.1346,10.3620,54.2203
629,6.5796,2.8360,6.4225,1.1419,10.4004,54.2203
630,6.5900,2.8657,6.4277,1.1622,10.4556,54.2203
631,6.6004,2.8279,6.4369,1.1218,10.3866,54.2203
632,6.6108,2.8023,6.4352,1.1280,10.3655,54.2203
633,6.6212,2.9024,6.4238,1.1164,10.4426,54.2203
634,6.6316,2.8287,6.4183,1.1197,10.3667,54.2203
635,6.6420,2.8436,6.4280,1.1265,10.3981,54.2203
636,6.6525,2.9769,6.4179,1.1175,10.5123,54.2203
637,6.6629,2.8052,6.4427,1.1252,10.3731,54.2203
638,6.6732,2.7806,6.4053,1.1242,10.3101,54.2203
639,6.6837,2.9375,6.4356,1.1329,10.5060,54.2203
640,6.6941,2.8490,6.4183,1.1190,10.3863,54.2203
641,6.7045,2.8293,6.4395,1.1221,10.3909,54.2203
642,6.7149,2.8940,6.4122,1.1256,10.4318,54.2203
643,6.7253,2.8028,6.4870,1.1313,10.4211,54.2203
644,6.7357,2.8050,6.4381,1.1344,10.3775,54.2203
645,6.7462,2.9513,6.4293,1.1207,10.5013,54.2203
646,6.7565,2.7818,6.4093,1.1248,10.3159,54.2203
647,6.7669,2.8355,6.4330,1.1274,10.3959,54.2203
648,6.7775,2.9413,6.4507,1.1300,10.5220,54.2203
649,6.7879,2.8619,6.4476,1.1333,10.4428,54.2203
650,6.7983,2.8304,6.4273,1.1359,10.3936,54.2203
651,6.8088,2.8888,6.4292,1.1293,10.4473,54.2203
652,6.8192,2.8368,6.4613,1.1381,10.4362,54.2203
653,6.8295,2.7850,6.4297,1.1275,10.3422,54.2203
654,6.8401,3.0246,6.4215,1.1407,10.5868,54.2203
655,6.8506,2.8287,6.4592,1.1264,10.4143,54.2203
656,6.8610,2.7782,6.4709,1.1424,10.3915,54.2203
657,6.8713,2.8074,6.4182,1.1192,10.3448,54.2203
658,6.8818,2.8161,6.5149,1.1224,10.4534,54.2203
659,6.8922,2.8162,6.4810,1.1503,10.4475,54.2203
660,6.9027,2.8817,6.4457,1.1322,10.4596,54.2203
661,6.9130,2.8330,6.4181,1.1176,10.3687,54.2203
662,6.9234,2.8176,6.4211,1.1278,10.3665,54.2203
663,6.9339,2.9213,6.4046,1.1273,10.4532,54.2203
664,6.9442,2.8073,6.4277,1.1223,10.3573,54.2203
665,6.9546,2.8113,6.4234,1.1272,10.3619,54.2203
666,6.9653,3.0539,6.4650,1.1406,10.6595,54.2203
667,6.9756,2.8096,6.4141,1.1222,10.3459,54.2203
668,6.9860,2.7653,6.4560,1.1327,10.3540,54.2203
669,6.9964,2.9446,6.4184,1.1230,10.4860,54.2203
670,7.0069,2.8284,6.4297,1.1672,10.4253,54.2203
671,7.0173,2.8331,6.4026,1.1466,10.3823,54.2203
672,7.0278,2.8930,6.4719,1.1309,10.4958,54.2203
673,7.0382,2.8582,6.4120,1.1223,10.3925,54.2203
674,7.0485,2.8285,6.4100,1.1219,10.3604,54.2203
675,7.0590,2.9549,6.3827,1.1223,10.4599,54.2203
676,7.0694,2.8150,6.4192,1.1313,10.3655,54.2203
677,7.0797,2.7829,6.4101,1.1315,10.3245,54.2203
678,7.0902,2.9153,6.4278,1.1233,10.4664,54.2203
679,7.1005,2.8260,6.4344,1.1311,10.3915,54.2203
680,7.1109,2.7977,6.4418,1.1308,10.3703,54.2203
681,7.1215,2.9672,6.4271,1.1421,10.5364,54.2203
682,7.1318,2.8327,6.4307,1.1181,10.3815,54.2203
683,7.1422,2.7775,6.4125,1.1275,10.3175,54.2203
684,7.1526,2.9121,6.4208,1.1307,10.4636,54.2203
685,7.1630,2.8128,6.4285,1.1195,10.3608,54.2203
686,7.1734,2.8097,6.4421,1.1295,10.3813,54.2203
687,7.1838,2.8959,6.4009,1.1174,10.4142,54.2203
688,7.1942,2.8114,6.4484,1.1238,10.3836,54.2203
689,7.2045,2.7823,6.4334,1.1300,10.3457,54.2203
690,7.2150,2.9003,6.4237,1.1169,10.4409,54.2203
691,7.2253,2.7850,6.4502,1.1199,10.3551,54.2203
692,7.2357,2.7979,6.4239,1.1295,10.3513,54.2203
693,7.2462,2.8925,6.4803,1.1291,10.5019,54.2203
694,7.2566,2.8292,6.4419,1.1330,10.4041,54.2203
695,7.2670,2.8283,6.4463,1.1415,10.4161,54.2203
696,7.2776,3.0569,6.4204,1.1251,10.6024,54.2203
697,7.2880,2.7895,6.4393,1.1290,10.3578,54.2203
698,7.2983,2.7637,6.4248,1.1331,10.3216,54.2203
699,7.3088,2.9248,6.4181,1.1239,10.4668,54.2203
700,7.3193,2.8230,6.4732,1.1989,10.4951,54.2203
701,7.3296,2.7733,6.4132,1.1325,10.3190,54.2203
702,7.3400,2.8733,6.4360,1.1354,10.4447,54.2203
703,7.3504,2.8238,6.4347,1.1416,10.4001,54.2203
704,7.3609,2.7805,6.4442,1.1850,10.4097,54.2203
705,7.3717,3.1491,6.4838,1.1677,10.8006,54.2203
706,7.3822,2.9096,6.4678,1.1712,10.5486,54.2203
707,7.3928,2.9676,6.4839,1.1730,10.6245,54.2203
708,7.4035,2.9516,6.5043,1.1789,10.6348,54.2203
709,7.4138,2.7864,6.4012,1.1293,10.3169,54.2203
710,7.4242,2.8179,6.4767,1.1485,10.4431,54.2203
711,7.4346,2.8290,6.4080,1.1643,10.4013,54.2203
712,7.4451,2.8407,6.4703,1.1351,10.4461,54.2203
713,7.4555,2.8131,6.4199,1.1478,10.3808,54.2203
714,7.4658,2.7872,6.4460,1.1294,10.3626,54.2203
715,7.4762,2.8648,6.3882,1.1302,10.3832,54.2203
716,7.4867,2.7987,6.4354,1.2116,10.4457,54.2203
717,7.4970,2.7829,6.3881,1.1258,10.2968,54.2203
718,7.5073,2.7473,6.4075,1.1277,10.2825,54.2203
719,7.5176,2.7806,6.3766,1.1278,10.2850,53.2396
720,7.5279,2.8776,6.3947,1.1167,10.3890,53.3537
721,7.5383,2.7778,6.4120,1.1219,10.3117,54.2203
722,7.5486,2.7865,6.4159,1.1222,10.3246,53.0566
723,7.5591,2.9496,6.3905,1.1249,10.4650,52.6898
724,7.5695,2.8349,6.4284,1.1299,10.3932,52.0695
725,7.5798,2.7887,6.4142,1.1361,10.3390,52.0635
726,7.5901,2.7839,6.4160,1.1168,10.3167,51.0221
727,7.6005,2.8211,6.4257,1.1349,10.3817,50.0729
728,7.6108,2.7272,6.4321,1.1258,10.2851,49.8421
729,7.6212,2.8773,6.4294,1.1248,10.4315,49.0095
730,7.6316,2.7876,6.4346,1.1234,10.3456,48.2795
731,7.6419,2.7450,6.4365,1.1289,10.3104,47.0534
732,7.6523,2.8791,6.3990,1.1179,10.3960,47.0958
733,7.6627,2.7671,6.4756,1.1385,10.3812,47.2715
734,7.6730,2.7829,6.4074,1.1336,10.3239,46.8771
735,7.6834,2.8558,6.4243,1.1263,10.4064,47.6679
736,7.6938,2.8653,6.4052,1.1144,10.3849,47.0564
737,7.7041,2.7473,6.4234,1.1276,10.2983,46.2361
738,7.7145,2.8664,6.3874,1.1217,10.3755,45.3970
739,7.7248,2.7419,6.4582,1.1229,10.3230,45.8172
740,7.7352,2.8040,6.4251,1.1253,10.3544,44.7905
741,7.7456,2.8738,6.4647,1.1346,10.4731,43.9836
742,7.7560,2.7643,6.4424,1.1334,10.3401,43.3965
743,7.7664,2.8043,6.4539,1.1337,10.3919,42.1184
744,7.7768,2.8266,6.4402,1.1583,10.4251,40.8903
745,7.7872,2.7731,6.4647,1.1349,10.3727,39.1114
746,7.7977,2.8991,6.5166,1.1453,10.5610,37.8168
747,7.8081,2.7761,6.4286,1.1200,10.3247,37.3446
748,7.8184,2.7720,6.4340,1.1294,10.3354,37.6730
749,7.8288,2.7927,6.4312,1.1322,10.3561,35.8363
750,7.8391,2.8293,6.4137,1.1260,10.3690,35.3641
751,7.8495,2.8229,6.4665,1.1241,10.4135,35.1065
752,7.8598,2.7431,6.4144,1.1228,10.2803,33.8881
753,7.8702,2.8604,6.4333,1.1203,10.4140,34.4343
754,7.8806,2.7859,6.4267,1.1451,10.3577,34.6012
755,7.8911,2.8112,6.4976,1.1465,10.4553,33.8709
756,7.9015,2.8508,6.4656,1.1406,10.4570,33.3139
757,7.9119,2.8080,6.4687,1.1441,10.4208,33.3858
758,7.9223,2.8440,6.4144,1.1378,10.3962,35.4498
759,7.9328,2.8261,6.4902,1.1267,10.4430,36.1068
760,7.9432,2.8159,6.4147,1.1267,10.3573,39.1456
761,7.9535,2.7662,6.4518,1.1293,10.3473,39.9853
762,7.9639,2.8661,6.4015,1.1200,10.3876,40.9762
763,7.9742,2.7503,6.4550,1.1257,10.3310,42.8946
764,7.9846,2.8568,6.4007,1.1303,10.3878,43.0402
765,7.9952,2.9948,6.4482,1.1398,10.5828,44.0264
766,8.0055,2.7752,6.3932,1.1337,10.3021,43.6429
767,8.0160,2.8400,6.4582,1.1394,10.4376,46.0684
768,8.0264,2.9319,6.3916,1.1195,10.4430,46.9460
769,8.0368,2.7883,6.4526,1.1251,10.3660,47.0756
770,8.0471,2.8147,6.3882,1.1238,10.3267,48.4955
771,8.0576,2.9695,6.4427,1.1213,10.5335,49.3556
772,8.0679,2.7443,6.4115,1.1239,10.2797,50.4774
773,8.0783,2.8013,6.4307,1.1278,10.3598,52.1792
774,8.0888,2.9770,6.3910,1.1172,10.4852,53.1646
775,8.0992,2.8215,6.4554,1.1230,10.3999,54.2203
776,8.1096,2.8364,6.4264,1.1262,10.3890,54.2203
777,8.1202,3.0223,6.4498,1.1214,10.5935,54.2203
778,8.1305,2.7822,6.4100,1.1214,10.3136,54.2203
779,8.1408,2.7541,6.4295,1.1307,10.3143,54.2203
780,8.1513,2.9730,6.3955,1.1155,10.4840,54.2203
781,8.1616,2.7339,6.4328,1.1233,10.2900,54.2203
782,8.1718,2.7629,6.3836,1.1230,10.2695,54.2203
783,8.1823,2.8689,6.4372,1.1228,10.4289,54.2203
784,8.1926,2.7773,6.4050,1.1272,10.3095,54.2203
785,8.2030,2.8683,6.4426,1.1336,10.4445,54.2203
786,8.2134,2.7927,6.4340,1.1217,10.3484,54.2203
787,8.2236,2.8080,6.2408,1.1680,10.2168,54.2203
788,8.2340,2.8287,6.4173,1.1360,10.3820,54.2203
789,8.2444,2.7956,6.5001,1.1065,10.4022,54.2203
790,8.2547,2.8125,6.4134,1.1143,10.3402,54.2203
791,8.2651,2.7615,6.4230,1.1259,10.3104,54.2203
792,8.2755,2.8439,6.4887,1.1105,10.4431,54.2203
793,8.2858,2.7649,6.4532,1.1113,10.3294,54.2203
794,8.2962,2.8091,6.3880,1.1188,10.3159,54.2203
795,8.3065,2.7714,6.4757,1.1123,10.3594,54.2203
796,8.3169,2.7659,6.4489,1.1416,10.3564,54.2203
797,8.3275,3.0342,6.4150,1.1361,10.5853,54.2203
798,8.3381,2.8029,6.6719,1.1270,10.6018,54.2203
799,8.3484,2.8189,6.4287,1.1154,10.3630,54.2203
800,8.3588,2.8097,6.4189,1.1175,10.3461,54.2203
801,8.3692,2.8300,6.4670,1.1122,10.4092,54.2203
802,8.3795,2.7894,6.4430,1.1139,10.3463,54.2203
803,8.3898,2.7705,6.4017,1.1245,10.2967,54.2203
804,8.4003,2.8407,6.4612,1.1151,10.4170,54.2203
805,8.4106,2.7590,6.4992,1.1123,10.3705,54.2203
806,8.4210,2.8036,6.4054,1.1142,10.3232,54.2203
807,8.4314,2.7767,6.5097,1.1223,10.4087,54.2203
808,8.4418,2.8394,6.4255,1.1107,10.3756,54.2203
809,8.4521,2.7974,6.4457,1.1282,10.3713,54.2203
810,8.4625,2.8232,6.4415,1.1127,10.3774,54.2203
811,8.4728,2.7590,6.4593,1.1135,10.3318,54.2203
812,8.4832,2.8023,6.4145,1.1267,10.3435,54.2203
813,8.4936,2.8081,6.5166,1.1086,10.4333,54.2203
814,8.5040,2.7374,6.4897,1.1125,10.3396,54.2203
815,8.5143,2.7850,6.4223,1.1206,10.3279,54.2203
816,8.5247,2.7992,6.4635,1.1152,10.3779,54.2203
817,8.5350,2.7793,6.4301,1.1214,10.3308,54.2203
818,8.5453,2.7687,6.4043,1.1222,10.2952,54.2203
819,8.5557,2.7881,6.4781,1.1264,10.3926,54.2203
820,8.5661,2.8299,6.4374,1.1242,10.3915,54.2203
821,8.5764,2.7647,6.4059,1.1171,10.2877,54.2203
822,8.5867,2.8120,6.4268,1.1148,10.3536,54.2203
823,8.5971,2.7828,6.4226,1.1635,10.3689,54.2203
824,8.6075,2.7935,6.4492,1.1189,10.3616,54.2203
825,8.6178,2.7536,6.4356,1.1162,10.3054,54.2203
826,8.6282,2.8101,6.4461,1.1702,10.4264,54.2203
827,8.6386,2.7963,6.4111,1.1324,10.3398,54.2203
828,8.6490,2.8320,6.4536,1.1244,10.4100,54.2203
829,8.6602,2.8734,6.5555,1.8103,11.2392,54.2203
830,8.6708,2.9751,6.4745,1.1599,10.6095,54.2203
831,8.6814,2.8855,6.5119,1.1447,10.5421,54.2203
832,8.6918,2.7895,6.4596,1.1378,10.3869,54.2203
833,8.7022,2.8282,6.4423,1.1271,10.3976,54.2203
834,8.7126,2.8523,6.4560,1.1412,10.4495,54.2203
835,8.7230,2.7932,6.4620,1.1155,10.3707,54.2203
836,8.7334,2.8591,6.4421,1.1221,10.4233,54.2203
837,8.7439,2.8548,6.5280,1.1146,10.4974,54.2203
838,8.7543,2.7609,6.4964,1.1671,10.4244,54.2203
839,8.7648,2.8548,6.4701,1.1659,10.4908,54.2203
840,8.7753,2.8881,6.4375,1.1322,10.4578,54.2203
841,8.7856,2.7911,6.4325,1.1175,10.3411,54.2203
842,8.7959,2.7896,6.3963,1.1206,10.3065,54.2203
843,8.8064,2.7797,6.5008,1.1189,10.3994,54.2203
844,8.8167,2.8042,6.4017,1.1181,10.3240,54.2203
845,8.8270,2.7737,6.4306,1.1257,10.3300,54.2203
846,8.8374,2.8290,6.4490,1.1176,10.3956,54.2203
847,8.8478,2.7717,6.4785,1.1180,10.3682,54.2203
848,8.8581,2.7989,6.4365,1.1271,10.3625,54.2203
849,8.8686,2.8196,6.5128,1.1296,10.4620,54.2203
850,8.8790,2.7913,6.4765,1.1188,10.3866,54.2203
851,8.8893,2.7431,6.4194,1.1248,10.2873,54.2203
852,8.8997,2.8390,6.4136,1.1147,10.3673,54.2203
853,8.9100,2.7718,6.3974,1.1582,10.3274,54.2203
854,8.9204,2.8282,6.4132,1.1261,10.3675,54.2203
855,8.9307,2.7913,6.4064,1.1192,10.3169,54.2203
856,8.9411,2.7862,6.3963,1.1862,10.3687,54.2203
857,8.9514,2.8012,6.4189,1.1379,10.3580,54.2203
858,8.9618,2.8181,6.4658,1.1182,10.4021,54.2203
859,8.9722,2.7890,6.4547,1.1247,10.3684,54.2203
860,8.9825,2.8013,6.4295,1.1236,10.3544,54.2203
861,8.9931,2.9590,6.4174,1.1172,10.4936,54.2203
862,9.0034,2.7710,6.4268,1.1103,10.3081,54.2203
863,9.0137,2.8166,6.4287,1.1256,10.3709,54.2203
864,9.0242,2.9491,6.4136,1.1167,10.4794,54.2203
865,9.0346,2.8191,6.4369,1.1178,10.3738,54.2203
866,9.0449,2.8004,6.4170,1.1210,10.3384,54.2203
867,9.0554,2.9499,6.4344,1.1195,10.5038,54.2203
868,9.0658,2.7658,6.4296,1.1200,10.3154,54.2203
869,9.0761,2.7796,6.4188,1.1216,10.3200,54.2203
870,9.0866,2.9688,6.4404,1.1235,10.5327,54.2203
871,9.0971,2.8804,6.4733,1.1308,10.4845,54.2203
872,9.1074,2.7614,6.4440,1.1260,10.3314,54.2203
873,9.1178,2.7924,6.4572,1.1271,10.3767,54.2203
874,9.1283,2.8835,6.4294,1.1412,10.4541,54.2203
875,9.1387,2.8379,6.4364,1.1222,10.3965,54.2203
876,9.1491,2.8315,6.4443,1.1194,10.3952,54.2203
877,9.1595,2.8217,6.4190,1.1864,10.4271,54.2203
878,9.1698,2.7747,6.4381,1.1198,10.3326,54.2203
879,9.1802,2.7966,6.4146,1.1142,10.3254,54.2203
880,9.1906,2.7661,6.4487,1.1913,10.4061,54.2203
881,9.2009,2.8140,6.4136,1.1300,10.3576,54.2203
882,9.2114,2.8184,6.4958,1.1204,10.4346,54.2203
883,9.2218,2.7905,6.4059,1.1921,10.3885,54.2203
884,9.2322,2.7886,6.4904,1.1292,10.4082,54.2203
885,9.2426,2.8302,6.4199,1.1214,10.3715,54.2203
886,9.2529,2.7752,6.4352,1.1587,10.3691,54.2203
887,9.2632,2.7588,6.4024,1.1247,10.2859,54.2203
888,9.2737,2.9032,6.4504,1.1316,10.4852,54.2203
889,9.2841,2.8416,6.4186,1.1397,10.3999,54.2203
890,9.2945,2.7908,6.4538,1.1340,10.3786,54.2203
891,9.3049,2.8147,6.4093,1.1486,10.3726,54.2203
892,9.3153,2.8744,6.4543,1.1317,10.4604,54.2203
893,9.3257,2.8199,6.4361,1.1294,10.3854,54.2203
894,9.3361,2.8522,6.4432,1.1237,10.4191,54.2203
895,9.3465,2.7829,6.4163,1.1318,10.3310,54.2203
896,9.3569,2.7965,6.4543,1.1253,10.3761,54.2203
897,9.3672,2.8213,6.4296,1.1227,10.3736,54.2203
898,9.3776,2.7825,6.4291,1.1625,10.3741,54.2203
899,9.3880,2.8010,6.4225,1.1286,10.3521,54.2203
900,9.3985,2.8876,6.5396,1.1216,10.5488,54.2203
901,9.4089,2.7846,6.4701,1.1332,10.3879,54.2203
902,9.4193,2.8155,6.4386,1.1207,10.3748,54.2203
903,9.4296,2.7695,6.4182,1.1089,10.2966,54.2203
904,9.4401,2.8233,6.5499,1.1236,10.4968,54.2203
905,9.4505,2.8790,6.4315,1.1340,10.4445,54.2203
906,9.4609,2.8119,6.4500,1.1071,10.3690,54.2203
907,9.4713,2.8003,6.4170,1.2016,10.4189,54.2203
908,9.4817,2.7652,6.4545,1.1218,10.3415,54.2203
909,9.4920,2.7819,6.4451,1.1243,10.3513,54.2203
910,9.5024,2.8114,6.4442,1.1163,10.3719,54.2203
911,9.5128,2.7817,6.4105,1.1814,10.3736,54.2203
912,9.5231,2.8170,6.4281,1.1135,10.3586,54.2203
913,9.5335,2.8310,6.4274,1.1295,10.3879,54.2203
914,9.5439,2.8660,6.4300,1.1208,10.4168,54.2203
915,9.5543,2.7917,6.4450,1.1211,10.3578,54.2203
916,9.5647,2.8363,6.4357,1.1294,10.4014,54.2203
917,9.5751,2.8414,6.3971,1.1237,10.3622,54.2203
918,9.5855,2.8426,6.4596,1.1111,10.4133,54.2203
919,9.5958,2.8130,6.4147,1.1180,10.3457,54.2203
920,9.6063,2.8280,6.4642,1.1248,10.4170,54.2203
921,9.6166,2.8050,6.4233,1.1180,10.3463,54.2203
922,9.6270,2.8407,6.4360,1.1010,10.3777,54.2203
923,9.6374,2.8612,6.3859,1.1254,10.3725,54.2203
924,9.6478,2.8435,6.4697,1.1077,10.4209,54.2203
925,9.6581,2.8488,6.3917,1.1175,10.3580,54.2203
926,9.6686,2.8627,6.4624,1.1290,10.4541,54.2203
927,9.6790,2.8210,6.4378,1.1295,10.3883,54.2203
928,9.6893,2.7986,6.4361,1.1131,10.3478,54.2203
929,9.6998,2.9137,6.3850,1.1224,10.4211,54.2203
930,9.7101,2.7896,6.4405,1.1194,10.3495,54.2203
931,9.7204,2.7883,6.3848,1.1119,10.2850,54.2203
932,9.7309,2.9486,6.4591,1.1221,10.5298,54.2203
933,9.7413,2.7984,6.4095,1.1280,10.3359,54.2203
934,9.7517,2.8570,6.4323,1.1514,10.4407,54.2203
935,9.7621,2.8315,6.4009,1.1360,10.3684,53.2898
936,9.7726,2.8616,6.4986,1.1267,10.4869,51.8935
937,9.7828,2.7625,6.3742,1.1122,10.2489,52.4244
938,9.7933,2.8915,6.4472,1.1206,10.4593,53.4510
939,9.8036,2.7899,6.4121,1.1175,10.3195,53.6379
940,9.8140,2.8190,6.4442,1.1112,10.3744,52.4576
941,9.8244,2.8576,6.3977,1.1188,10.3741,49.5373
942,9.8348,2.8272,6.4536,1.1149,10.3957,53.1188
943,9.8451,2.7848,6.3849,1.1117,10.2814,54.2203
944,9.8556,2.8725,6.4920,1.1321,10.4966,54.2203
945,9.8659,2.8279,6.4200,1.1209,10.3688,54.2203
946,9.8763,2.8111,6.4429,1.1166,10.3706,54.2203
947,9.8867,2.8725,6.3778,1.1284,10.3787,54.2203
948,9.8971,2.8648,6.4614,1.1280,10.4542,54.2203
949,9.9075,2.7888,6.4052,1.1263,10.3203,51.8728
950,9.9179,2.8587,6.4162,1.1440,10.4189,48.3094
951,9.9283,2.8264,6.4283,1.1345,10.3892,46.4457
952,9.9387,2.8373,6.4272,1.1347,10.3992,45.2133
953,9.9491,2.8276,6.4140,1.1718,10.4134,43.7459
954,9.9595,2.8047,6.4393,1.1282,10.3722,43.7885
955,9.9698,2.8438,6.3935,1.1286,10.3659,41.5125
956,9.9802,2.7808,6.4245,1.1276,10.3329,38.5247
957,9.9906,2.8202,6.4232,1.1261,10.3695,33.9212
958,10.0009,2.7758,6.4245,1.1304,10.3307,28.5013
959,10.0113,2.8585,6.3864,1.1293,10.3742,39.1812
960,10.0217,2.8499,6.4469,1.1204,10.4172,38.5224
961,10.0320,2.7660,6.4327,1.1373,10.3360,37.6077
962,10.0424,2.7737,6.4505,1.1185,10.3427,37.3534
963,10.0527,2.8236,6.4076,1.1125,10.3437,36.9146
964,10.0631,2.7910,6.4593,1.1587,10.4090,37.5458
965,10.0734,2.7923,6.4063,1.1201,10.3187,37.4791
966,10.0838,2.8157,6.4538,1.1186,10.3881,38.2188
967,10.0942,2.7917,6.3965,1.1607,10.3489,39.0343
968,10.1045,2.7962,6.4206,1.1214,10.3382,39.1522
969,10.1149,2.7858,6.4215,1.1215,10.3288,38.7036
970,10.1252,2.8214,6.4365,1.1221,10.3800,39.3599
971,10.1356,2.8210,6.4139,1.1197,10.3546,40.0174
972,10.1460,2.7925,6.4433,1.1208,10.3566,40.3049
973,10.1563,2.8139,6.4156,1.1170,10.3465,40.2988
974,10.1668,2.8694,6.4298,1.1267,10.4259,40.6195
975,10.1771,2.8038,6.4204,1.1285,10.3527,40.2610
976,10.1875,2.8278,6.4656,1.1175,10.4109,39.0848
977,10.1979,2.7901,6.4114,1.1192,10.3207,38.6057
978,10.2082,2.8032,6.4647,1.1135,10.3814,38.0011
979,10.2186,2.8139,6.4208,1.1152,10.3499,37.2609
980,10.2290,2.7757,6.5137,1.1339,10.4233,36.3493
981,10.2394,2.7891,6.4473,1.1179,10.3543,35.4827
982,10.2497,2.7828,6.4171,1.1039,10.3038,33.5768
983,10.2601,2.8547,6.4445,1.1235,10.4227,33.3193
984,10.2705,2.8245,6.4362,1.1206,10.3813,32.7039
985,10.2809,2.7814,6.4560,1.1185,10.3559,32.3569
986,10.2913,2.8659,6.4373,1.1306,10.4338,31.5751
987,10.3017,2.8116,6.4530,1.1167,10.3813,31.4515
988,10.3120,2.8282,6.4015,1.1077,10.3374,30.9461
989,10.3224,2.7751,6.5110,1.1357,10.4218,30.9632
990,10.3328,2.8463,6.4364,1.1234,10.4061,30.7086
991,10.3432,2.8249,6.4476,1.1243,10.3968,31.1857
992,10.3536,2.8073,6.4254,1.1175,10.3502,31.2003
993,10.3640,2.7753,6.4678,1.1164,10.3595,31.0651
994,10.3743,2.8013,6.3925,1.1232,10.3170,30.3002
995,10.3847,2.7717,6.5098,1.1195,10.4010,29.5087
996,10.3951,2.8255,6.4678,1.1298,10.4231,28.4444
997,10.4056,2.9332,6.4373,1.1252,10.4957,27.8223
998,10.4160,2.8057,6.4150,1.1224,10.3431,27.9824
999,10.4264,2.8227,6.4997,1.1165,10.4389,28.0809
1000,10.4367,2.7914,6.4118,1.1106,10.3138,28.2713
1001,10.4471,2.7734,6.4946,1.1321,10.4001,28.0033
1002,10.4575,2.8424,6.4172,1.1124,10.3720,27.3831
1003,10.4678,2.7935,6.4395,1.1097,10.3427,26.6834
1004,10.4782,2.7771,6.4986,1.1203,10.3960,27.0483
1005,10.4886,2.7880,6.4806,1.1094,10.3780,27.8471
1006,10.4990,2.8287,6.4075,1.1087,10.3449,28.9420
1007,10.5094,2.7900,6.5099,1.1169,10.4168,30.6269
1008,10.5198,2.7779,6.5104,1.1175,10.4058,30.9898
1009,10.5302,2.8125,6.4384,1.1146,10.3655,30.5393
1010,10.5406,2.8189,6.4801,1.1295,10.4285,28.2467
1011,10.5511,2.8359,6.5507,1.1303,10.5169,27.5973
1012,10.5615,2.8164,6.4378,1.1157,10.3699,27.3273
1013,10.5718,2.7766,6.4292,1.1219,10.3277,28.4855
1014,10.5823,2.8596,6.5133,1.1156,10.4885,28.7893
1015,10.5926,2.7490,6.4327,1.1130,10.2947,29.5892
1016,10.6029,2.7831,6.4202,1.1231,10.3264,30.0329
1017,10.6134,2.7845,6.5601,1.1157,10.4603,30.8753
1018,10.6238,2.8278,6.4031,1.1196,10.3505,30.6316
1019,10.6342,2.8124,6.4479,1.1335,10.3938,30.2002
1020,10.6446,2.7924,6.5387,1.1158,10.4469,28.5552
1021,10.6550,2.8039,6.4324,1.1174,10.3537,27.2604
1022,10.6654,2.7581,6.4974,1.1646,10.4201,24.6941
1023,10.6759,2.9222,6.4976,1.1215,10.5413,23.2164
1024,10.6863,2.8472,6.4231,1.1398,10.4101,23.1826
1025,10.6968,2.8011,6.4527,1.1646,10.4184,21.9178
1026,10.7074,2.7547,6.7743,1.1258,10.6548,23.7836
1027,10.7177,2.7235,6.4599,1.1124,10.2958,22.2963
1028,10.7280,2.7675,6.4121,1.1339,10.3135,21.0158
1029,10.7385,2.7348,6.4152,1.3621,10.5121,19.3425
1030,10.7493,2.7696,6.8080,1.1268,10.7044,17.4872
1031,10.7599,2.9538,6.5206,1.1320,10.6064,16.4140
1032,10.7702,2.8286,6.4145,1.1232,10.3663,15.8090
1033,10.7807,2.8525,6.4293,1.1348,10.4166,14.4908
1034,10.7912,3.0028,6.4218,1.1245,10.5491,12.8440
1035,10.8016,2.8220,6.4616,1.1183,10.4019,12.6716
1036,10.8119,2.8231,6.3713,1.1100,10.3044,12.0082
1037,10.8224,2.8030,6.4973,1.1321,10.4324,13.9960
1038,10.8327,2.8286,6.3874,1.1133,10.3293,15.5165
1039,10.8430,2.7754,6.4215,1.1132,10.3101,18.4618
1040,10.8534,2.8018,6.4826,1.1218,10.4062,17.8042
1041,10.8638,2.7860,6.4605,1.1233,10.3698,17.6937
1042,10.8742,2.8262,6.4296,1.1260,10.3818,17.4817
1043,10.8846,2.8537,6.4807,1.1359,10.4703,16.9697
1044,10.8950,2.8557,6.4146,1.1189,10.3892,14.5423
1045,10.9054,2.7554,6.4472,1.1181,10.3207,11.2593
1046,10.9157,2.7937,6.4506,1.1298,10.3741,11.2814
1047,10.9262,2.8404,6.4563,1.1182,10.4149,12.3967
1048,10.9365,2.8235,6.4155,1.1252,10.3642,13.9729
1049,10.9469,2.7508,6.4727,1.1255,10.3490,21.1273
1050,10.9573,2.8154,6.4869,1.1185,10.4208,25.1628
1051,10.9677,2.8134,6.4362,1.1561,10.4057,30.1272
1052,10.9781,2.7892,6.4856,1.1246,10.3994,35.0003
1053,10.9885,2.8075,6.4665,1.1264,10.4004,38.2105
1054,10.9988,2.7922,6.4130,1.1187,10.3239,39.3951
1055,11.0092,2.7941,6.4690,1.1251,10.3882,40.7119
1056,11.0196,2.8075,6.4149,1.1568,10.3792,42.0441
1057,11.0300,2.7952,6.4345,1.1165,10.3462,46.4515
1058,11.0403,2.8218,6.3996,1.1205,10.3419,47.8546
1059,11.0506,2.7517,6.4326,1.1602,10.3445,47.4021
1060,11.0610,2.8087,6.4067,1.1175,10.3329,46.1029
1061,11.0714,2.8487,6.4672,1.1339,10.4498,43.4282
1062,11.0818,2.8090,6.3993,1.1225,10.3308,39.5303
1063,11.0921,2.8022,6.4334,1.1118,10.3474,35.4536
1064,11.1025,2.8155,6.4335,1.1278,10.3768,31.8050
1065,11.1130,2.8873,6.4745,1.1164,10.4782,27.5831
1066,11.1232,2.7687,6.3759,1.1116,10.2562,25.7799
1067,11.1336,2.7886,6.4592,1.1406,10.3884,24.7904
1068,11.1441,2.8917,6.4289,1.1354,10.4560,24.5976
1069,11.1544,2.7828,6.4441,1.1123,10.3392,25.1657
1070,11.1648,2.8324,6.3948,1.1221,10.3493,28.5023
1071,11.1752,2.8061,6.4561,1.1799,10.4421,30.4689
1072,11.1856,2.8477,6.4010,1.1265,10.3752,31.0920
1073,11.1960,2.8060,6.4771,1.1240,10.4071,33.1818
1074,11.2064,2.7755,6.3860,1.1868,10.3483,34.7289
1075,11.2168,2.8298,6.4763,1.1199,10.4260,35.3357
1076,11.2271,2.7842,6.4189,1.1221,10.3252,36.7703
1077,11.2376,2.8328,6.4384,1.1929,10.4641,36.0379
1078,11.2479,2.7601,6.3869,1.1112,10.2582,36.0023
1079,11.2582,2.8199,6.4311,1.1187,10.3697,36.6070
1080,11.2686,2.8005,6.3977,1.1777,10.3759,34.5701
1081,11.2790,2.8185,6.4153,1.1103,10.3441,33.1036
1082,11.2893,2.7722,6.4059,1.1276,10.3057,32.0986
1083,11.2997,2.8568,6.4143,1.2110,10.4821,31.6653
1084,11.3106,3.2435,6.4692,1.1383,10.8510,31.2783
1085,11.3210,2.7659,6.4855,1.1487,10.4001,28.7375
1086,11.3313,2.8176,6.3945,1.1223,10.3344,26.1261
1087,11.3417,2.8074,6.4402,1.1145,10.3621,27.0112
1088,11.3520,2.7414,6.4077,1.1281,10.2772,25.6538
1089,11.3624,2.8207,6.4312,1.1478,10.3997,23.1730
1090,11.3727,2.7942,6.3972,1.1122,10.3036,21.9174
1091,11.3831,2.8351,6.4130,1.1239,10.3720,19.2029
1092,11.3934,2.7899,6.3940,1.1526,10.3365,18.2361
1093,11.4038,2.8521,6.4226,1.1214,10.3961,17.8309
1094,11.4141,2.7936,6.4132,1.1187,10.3255,17.7299
1095,11.4245,2.8380,6.4232,1.1055,10.3667,16.3950
1096,11.4349,2.8595,6.3877,1.1333,10.3805,13.8242
1097,11.4454,2.8243,6.4989,1.1366,10.4598,12.0601
1098,11.4557,2.8622,6.4037,1.1223,10.3882,12.2160
1099,11.4661,2.8077,6.4299,1.1153,10.3529,11.4743
1100,11.4765,2.8130,6.4331,1.1275,10.3736,10.3409
1101,11.4868,2.7768,6.4367,1.1115,10.3250,9.0475
1102,11.4972,2.8594,6.4058,1.1176,10.3828,8.9839
1103,11.5076,2.7808,6.4748,1.1392,10.3948,7.3580
1104,11.5180,2.8679,6.4133,1.1262,10.4074,7.0723
1105,11.5283,2.7608,6.4392,1.1181,10.3181,7.4487
1106,11.5387,2.7890,6.4058,1.1230,10.3178,7.9866
1107,11.5490,2.8422,6.4055,1.1148,10.3625,7.4030
1108,11.5593,2.7891,6.4069,1.1181,10.3141,8.1552
1109,11.5697,2.7775,6.4363,1.1244,10.3382,9.6588
1110,11.5800,2.8022,6.3901,1.1068,10.2991,13.1928
1111,11.5904,2.8436,6.4075,1.1075,10.3586,12.9739
1112,11.6007,2.7981,6.4392,1.1323,10.3696,13.5826
1113,11.6110,2.7729,6.4329,1.1157,10.3215,13.2563
1114,11.6217,3.0775,6.4335,1.1223,10.6333,13.1375
1115,11.6320,2.8178,6.4186,1.1191,10.3555,13.8463
1116,11.6424,2.7675,6.4173,1.1209,10.3057,14.3577
1117,11.6529,2.9642,6.4501,1.1144,10.5287,14.9819
1118,11.6632,2.7786,6.4434,1.1237,10.3457,16.4842
1119,11.6735,2.7671,6.4285,1.1142,10.3098,16.2558
1120,11.6840,2.9789,6.4075,1.1083,10.4947,16.8934
1121,11.6945,2.8070,6.4737,1.1310,10.4117,17.3410
1122,11.7048,2.8312,6.4112,1.1143,10.3567,18.1262
1123,11.7152,2.7758,6.4894,1.1184,10.3836,17.8237
1124,11.7256,2.7809,6.4529,1.1197,10.3535,18.0307
1125,11.7359,2.7695,6.4768,1.1132,10.3595,17.5111
1126,11.7464,2.8215,6.4682,1.1350,10.4247,17.7692
1127,11.7567,2.7960,6.4495,1.1274,10.3729,15.7779
1128,11.7671,2.8455,6.4448,1.1245,10.4148,14.7077
1129,11.7775,2.8594,6.4313,1.1076,10.3983,12.5835
1130,11.7879,2.7942,6.4659,1.1337,10.3938,11.7804
1131,11.7984,2.8318,6.4221,1.1523,10.4062,10.2502
1132,11.8089,2.9426,6.4436,1.1250,10.5112,9.1985
1133,11.8193,2.7825,6.4612,1.1444,10.3881,9.3575
1134,11.8297,2.8429,6.4828,1.1204,10.4461,7.8584
1135,11.8400,2.7983,6.4172,1.1153,10.3308,8.1131
1136,11.8505,2.8018,6.4835,1.1231,10.4084,8.1537
1137,11.8608,2.7940,6.4228,1.1705,10.3873,7.1572
1138,11.8716,3.0922,6.4649,1.1510,10.7081,8.5430
1139,11.8823,3.0709,6.4780,1.1718,10.7207,11.4675
1140,11.8927,2.9342,6.3500,1.1616,10.4458,10.8709
1141,11.9058,4.2170,7.7305,1.1338,13.0813,10.7491
1142,11.9165,3.0191,6.4910,1.1258,10.6359,9.2966
1143,11.9269,2.8271,6.4711,1.1166,10.4148,9.2201
1144,11.9372,2.7793,6.4237,1.1522,10.3552,9.7549
1145,11.9477,2.8577,6.4532,1.1201,10.4310,9.0438
1146,11.9580,2.8106,6.4348,1.1223,10.3677,7.8778
1147,11.9685,2.8370,6.4736,1.1232,10.4338,8.0722
1148,11.9788,2.7988,6.4276,1.1271,10.3535,7.0506
1149,11.9893,2.8679,6.4727,1.1200,10.4606,5.9460
1150,11.9997,2.7887,6.4592,1.1388,10.3867,4.8146
1151,12.0101,2.8473,6.4779,1.1340,10.4592,6.1304
1152,12.0209,3.1933,6.4628,1.1380,10.7941,5.9458
1153,12.0315,2.9414,6.5077,1.1447,10.5938,7.3746
1154,12.0423,3.0968,6.4804,1.1557,10.7329,8.9689
1155,12.0527,2.8421,6.4914,1.1426,10.4761,8.3246
1156,12.0635,3.1052,6.5157,1.1557,10.7766,7.9916
1157,12.0744,3.1339,6.4674,1.2285,10.8298,8.1710
1158,12.0858,3.0708,7.1833,1.1804,11.4345,7.3108
1159,12.0967,3.2512,6.5321,1.1412,10.9245,6.4928
1160,12.1080,3.2892,6.8645,1.1618,11.3155,6.5943
1161,12.1187,2.9942,6.4943,1.1396,10.6281,7.2056
1162,12.1295,3.0973,6.4931,1.1958,10.7862,6.4735
1163,12.1400,2.9471,6.4693,1.1361,10.5525,5.1236
1164,12.1506,2.8260,6.5384,1.1968,10.5612,5.7385
1165,12.1611,2.8596,6.5062,1.1629,10.5287,4.1157
1166,12.1716,2.8298,6.4406,1.1597,10.4301,5.2537
1167,12.1821,2.8434,6.5746,1.1386,10.5566,5.9403
1168,12.1926,2.8939,6.4148,1.1308,10.4395,7.8665
1169,12.2030,2.8491,6.4739,1.1295,10.4525,10.2158
1170,12.2134,2.9016,6.3863,1.1139,10.4018,12.3044
1171,12.2238,2.7676,6.4555,1.1128,10.3359,11.3738
1172,12.2341,2.7660,6.4202,1.1129,10.2991,11.1159
1173,12.2445,2.8477,6.4667,1.1092,10.4236,12.7710
1174,12.2548,2.7904,6.3915,1.1058,10.2877,14.0228
1175,12.2650,2.7520,6.4050,1.1144,10.2714,14.3489
1176,12.2754,2.8028,6.4770,1.1188,10.3986,14.9160
1177,12.2859,2.8210,6.5170,1.1225,10.4605,14.5940
1178,12.2962,2.7886,6.4066,1.1352,10.3304,14.5348
1179,12.3066,2.8225,6.4319,1.1180,10.3724,14.3031
1180,12.3170,2.8127,6.3941,1.1257,10.3325,17.0514
1181,12.3275,3.0217,6.4003,1.1201,10.5421,16.0908
1182,12.3379,2.7644,6.5134,1.1085,10.3863,17.0463
1183,12.3482,2.7734,6.4246,1.1161,10.3141,17.0323
1184,12.3584,2.6703,6.3619,1.1118,10.1440,17.8011
1185,12.3686,2.6856,6.4472,1.1089,10.2417,17.3992
1186,12.3788,2.6509,6.4638,1.1257,10.2404,17.7934
1187,12.3891,2.7126,6.3937,1.1336,10.2399,17.6780
1188,12.3993,2.7528,6.3876,1.1075,10.2479,17.8824
1189,12.4095,2.6603,6.3944,1.1131,10.1678,17.7954
1190,12.4199,2.7584,6.4645,1.1198,10.3427,17.3296
1191,12.4301,2.7421,6.4108,1.1198,10.2727,15.7509
1192,12.4404,2.6986,6.4079,1.1392,10.2457,16.1234
1193,12.4506,2.7042,6.4107,1.1245,10.2394,15.0631
1194,12.4609,2.7491,6.4376,1.1218,10.3085,14.9730
1195,12.4711,2.6656,6.3954,1.1214,10.1824,14.2331
1196,12.4813,2.6764,6.4238,1.1151,10.2153,15.3229
1197,12.4917,2.6889,6.4728,1.1847,10.3464,14.6415
1198,12.5024,2.7173,6.8031,1.1477,10.6681,14.5411
